,key,rating,valid_from,valid_to
0,Aby,1500.0,2017-05-11,2022-05-26
1,Aby,1490.56675634087,2022-05-26,
2,Kona,1500.0,2017-05-11,2019-04-20
3,Kona,1490.2960185560382,2019-04-20,
4,Fabi,1500.0,2017-05-11,2023-06-07
5,Fabi,1490.0,2023-06-07,2023-06-07
6,Fabi,1480.28774368332,2023-06-07,
7,Carla,1500.0,2017-05-11,2022-10-21
8,Carla,1489.723634988458,2022-10-21,2022-11-05
9,Carla,1480.9729911727316,2022-11-05,2023-02-24
10,Carla,1475.7108745632497,2023-02-24,
11,Warlène,1500.0,2017-05-11,2023-07-05
12,Warlène,1509.454130356763,2023-07-05,2023-07-05
13,Warlène,1519.2022477601483,2023-07-05,2023-07-05
14,Warlène,1509.9060004744458,2023-07-05,
15,Valkyrie,1500.0,2017-05-11,2023-06-16
16,Valkyrie,1510.28774368332,2023-06-16,2023-06-16
17,Valkyrie,1520.2711798405728,2023-06-16,
18,Prudance,1500.0,2017-05-11,2022-07-08
19,Prudance,1490.5753266643549,2022-07-08,2022-07-08
20,Prudance,1500.8465240523394,2022-07-08,2022-07-08
21,Prudance,1510.8221591797562,2022-07-08,
22,Kim,1500.0,2017-05-11,2021-12-04
23,Kim,1492.7552234431698,2021-12-04,2021-12-04
24,Kim,1502.7356287287646,2021-12-04,2021-12-04
25,Kim,1492.4522875045,2021-12-04,2022-05-26
26,Kim,1482.9071724568087,2022-05-26,2022-05-26
27,Kim,1493.1112920881264,2022-05-26,2022-05-26
28,Kim,1482.801910447407,2022-05-26,2022-10-21
29,Kim,1474.3030682932765,2022-10-21,2022-10-21
30,Kim,1466.999818214131,2022-10-21,2022-10-21
31,Kim,1477.9722060843467,2022-10-21,2022-10-21
32,Kim,1489.4427047041568,2022-10-21,2022-10-21
33,Kim,1500.3947343035572,2022-10-21,
34,Alinza,1500.0,2017-05-11,2022-04-09
35,Alinza,1490.0,2022-04-09,2023-04-21
36,Alinza,1480.28774368332,2023-04-21,2023-04-21
37,Alinza,1490.85450002419,2023-04-21,
38,Yuika,1500.0,2017-05-11,2019-08-17
39,Yuika,1490.3051057513985,2019-08-17,2022-10-21
40,Yuika,1486.494622980973,2022-10-21,2022-11-12
41,Yuika,1478.4596673369094,2022-11-12,2023-04-06
42,Yuika,1489.4473217465866,2023-04-06,2023-04-06
43,Yuika,1481.5799614383668,2023-04-06,
44,Soli,1500.0,2017-05-11,2023-06-07
45,Soli,1509.71225631668,2023-06-07,2023-06-07
46,Soli,1499.7288201594272,2023-06-07,
47,Ami,1500.0,2017-05-11,2019-06-23
48,Ami,1510.0,2019-06-23,2019-06-23
49,Ami,1519.71225631668,2019-06-23,2019-06-23
50,Ami,1529.14549997581,2019-06-23,2019-06-23
51,Ami,1538.3085872825525,2019-06-23,2019-06-23
52,Ami,1548.1726957019641,2019-06-23,2019-09-14
53,Ami,1557.7961162434253,2019-09-14,2019-09-14
54,Ami,1565.1777827220085,2019-09-14,2019-09-14
55,Ami,1573.0860425880537,2019-09-14,2019-09-14
56,Ami,1581.3057492062942,2019-09-14,2019-09-14
57,Ami,1589.250504016435,2019-09-14,2019-09-14
58,Ami,1598.3790614834707,2019-09-14,2020-05-09
59,Ami,1605.6208106990262,2020-05-09,2020-05-09
60,Ami,1612.9103541226295,2020-05-09,2020-05-09
61,Ami,1622.3771551953507,2020-05-09,2021-11-05
62,Ami,1608.9936398870634,2021-11-05,2021-12-04
63,Ami,1615.6966434749218,2021-12-04,2021-12-04
64,Ami,1622.2018409249918,2021-12-04,2021-12-04
65,Ami,1610.4695346456135,2021-12-04,2021-12-04
66,Ami,1617.5148548588636,2021-12-04,2021-12-04
67,Ami,1623.9889415427695,2021-12-04,2021-12-04
68,Ami,1630.3084335061867,2021-12-04,2022-05-26
69,Ami,1637.0764389710396,2022-05-26,2022-05-26
70,Ami,1643.0819563450798,2022-05-26,2022-05-26
71,Ami,1649.1817618367195,2022-05-26,2022-05-26
72,Ami,1655.5524904220529,2022-05-26,2022-05-26
73,Ami,1661.6091158374022,2022-05-26,2022-05-26
74,Ami,1667.4781625807404,2022-05-26,2022-05-26
75,Ami,1672.999396480417,2022-05-26,2022-05-26
76,Ami,1678.4722580431755,2022-05-26,2022-05-26
77,Ami,1683.94597581786,2022-05-26,2022-05-26
78,Ami,1689.172758303109,2022-05-26,2022-07-10
79,Ami,1694.559536943943,2022-07-10,2022-07-10
80,Ami,1702.8374775735379,2022-07-10,2022-07-10
81,Ami,1707.7405070513066,2022-07-10,2022-07-10
82,Ami,1712.8409618816618,2022-07-10,2022-07-10
83,Ami,1717.3813758875426,2022-07-10,2022-07-10
84,Ami,1723.9154854554506,2022-07-10,2022-10-21
85,Ami,1728.6042045870124,2022-10-21,2022-10-21
86,Ami,1712.997626492344,2022-10-21,2022-10-21
87,Ami,1720.962884410344,2022-10-21,2022-10-21
88,Ami,1726.8054258019602,2022-10-21,2022-10-21
89,Ami,1732.2989685437994,2022-10-21,2022-10-21
90,Ami,1736.728269859712,2022-10-21,2022-10-21
91,Ami,1741.606664175778,2022-10-21,2022-10-21
92,Ami,1745.4171469462035,2022-10-21,2023-02-24
93,Ami,1731.1648088762531,2023-02-24,2023-02-24
94,Ami,1739.3689718031928,2023-02-24,2023-02-24
95,Ami,1744.0714632107065,2023-02-24,2023-02-24
96,Ami,1749.0173622204395,2023-02-24,2023-02-24
97,Ami,1752.7586016649361,2023-02-24,2023-02-24
98,Ami,1758.9962249080825,2023-02-24,2023-02-24
99,Ami,1762.3970300523613,2023-02-24,
100,Ramona,1500.0,2017-05-11,2019-06-23
101,Ramona,1490.8369126932575,2019-06-23,2019-06-23
102,Ramona,1481.1010556011381,2019-06-23,2019-06-23
103,Ramona,1491.0852077327402,2019-06-23,
104,Anka,1500.0,2017-05-11,2023-02-19
105,Anka,1510.0,2023-02-19,2023-02-19
106,Anka,1498.879902361198,2023-02-19,
107,Starry,1500.0,2017-05-11,2022-10-21
108,Starry,1493.0249237853802,2022-10-21,2023-04-06
109,Starry,1501.5184059463015,2023-04-06,2023-04-06
110,Starry,1491.9298558137907,2023-04-06,
111,Esthalavista,1500.0,2017-05-11,2022-04-16
112,Esthalavista,1509.7207695679235,2022-04-16,2022-04-16
113,Esthalavista,1500.0161202127288,2022-04-16,2022-04-16
114,Esthalavista,1510.2863824318822,2022-04-16,
115,Alicia Anais,1500.0,2017-05-11,2022-05-26
116,Alicia Anais,1490.1138711446763,2022-05-26,2022-05-26
117,Alicia Anais,1484.108353770636,2022-05-26,2022-05-26
118,Alicia Anais,1472.9948006164827,2022-05-26,2022-05-26
119,Alicia Anais,1464.0010615126857,2022-05-26,2022-05-26
120,Alicia Anais,1455.0335022317959,2022-05-26,2022-05-26
121,Alicia Anais,1446.3205637500575,2022-05-26,2022-05-26
122,Alicia Anais,1457.8534047643268,2022-05-26,2022-10-21
123,Alicia Anais,1448.8118445623675,2022-10-21,2022-11-05
124,Alicia Anais,1440.2816693272273,2022-11-05,2023-04-06
125,Alicia Anais,1431.788187166306,2023-04-06,
126,Tiff,1500.0,2017-05-11,2021-12-04
127,Tiff,1489.8209176743921,2021-12-04,2021-12-04
128,Tiff,1483.501425710975,2021-12-04,2021-12-04
129,Tiff,1493.4883040501702,2021-12-04,2022-07-10
130,Tiff,1483.927925969374,2022-07-10,2022-07-10
131,Tiff,1494.6940905651738,2022-07-10,2022-07-10
132,Tiff,1486.854038819637,2022-07-10,2022-07-10
133,Tiff,1496.2383942427546,2022-07-10,2022-10-21
134,Tiff,1487.0746267534148,2022-10-21,2022-10-21
135,Tiff,1497.2488433043236,2022-10-21,2023-02-24
136,Tiff,1488.0018449477034,2023-02-24,
137,Naomi,1500.0,2017-05-11,2022-07-08
138,Naomi,1489.7288026120154,2022-07-08,2022-07-08
139,Naomi,1500.0243453440362,2022-07-08,
140,Agt,1500.0,2017-05-11,2022-05-26
141,Agt,1490.5197800029446,2022-05-26,2022-05-26
142,Agt,1481.057391799457,2022-05-26,2022-05-26
143,Agt,1491.2993884529626,2022-05-26,2022-05-26
144,Agt,1501.5497598480786,2022-05-26,
145,Vicky,1500.0,2017-05-11,2017-05-11
146,Vicky,1510.0167875310608,2017-05-11,2017-05-11
147,Vicky,1500.8601129433946,2017-05-11,2017-05-11
148,Vicky,1510.2775834787935,2017-05-11,2018-05-20
149,Vicky,1500.9832133209914,2018-05-20,2018-05-20
150,Vicky,1509.6498647400367,2018-05-20,2018-05-20
151,Vicky,1500.681384509524,2018-05-20,2018-10-11
152,Vicky,1509.9117173235766,2018-10-11,2018-10-11
153,Vicky,1500.311043534218,2018-10-11,2018-10-11
154,Vicky,1493.7037526751612,2018-10-11,2018-10-11
155,Vicky,1487.4285825558363,2018-10-11,2023-03-05
156,Vicky,1477.494944756283,2023-03-05,
157,Spidergirl,1500.0,2017-05-11,2022-11-05
158,Spidergirl,1491.4502476811736,2022-11-05,2022-11-05
159,Spidergirl,1501.4211858967938,2022-11-05,2022-11-05
160,Spidergirl,1512.030880554957,2022-11-05,2022-11-05
161,Spidergirl,1521.8578390402417,2022-11-05,2022-11-05
162,Spidergirl,1512.976111954254,2022-11-05,2023-06-07
163,Spidergirl,1522.8904546615254,2023-06-07,2023-06-07
164,Spidergirl,1531.9384015813662,2023-06-07,
165,Saretta,1500.0,2017-05-11,2023-06-07
166,Saretta,1489.71225631668,2023-06-07,2023-06-07
167,Saretta,1499.7288201594272,2023-06-07,
168,Jin,1500.0,2017-05-11,2023-06-24
169,Jin,1489.712812567967,2023-06-24,2023-06-24
170,Jin,1499.7299006101114,2023-06-24,
171,Yurie,1500.0,2017-05-11,2019-04-20
172,Yurie,1489.71225631668,2019-04-20,2019-08-17
173,Yurie,1480.5903361140406,2019-08-17,2019-08-17
174,Yurie,1491.148410693731,2019-08-17,2022-11-11
175,Yurie,1501.1146871223118,2022-11-11,2022-11-11
176,Yurie,1492.3116739449486,2022-11-11,
177,Miimo,1500.0,2017-05-11,2021-06-26
178,Miimo,1488.2661806341214,2021-06-26,2021-12-04
179,Miimo,1478.599359646205,2021-12-04,2021-12-04
180,Miimo,1469.418043998946,2021-12-04,2021-12-04
181,Miimo,1459.449245786453,2021-12-04,
182,Chili,1500.0,2017-05-11,2023-06-24
183,Chili,1490.28774368332,2023-06-24,2023-06-24
184,Chili,1500.2711798405728,2023-06-24,
185,Sunny,1500.0,2017-05-11,2019-04-20
186,Sunny,1510.28774368332,2019-04-20,2019-04-20
187,Sunny,1519.9917251272818,2019-04-20,2019-04-20
188,Sunny,1533.5869395399375,2019-04-20,2019-06-23
189,Sunny,1523.7228311205258,2019-06-23,2019-06-23
190,Sunny,1533.3197928065294,2019-06-23,2019-06-23
191,Sunny,1541.8051524606979,2019-06-23,2019-06-23
192,Sunny,1550.0302857992624,2019-06-23,2019-06-23
193,Sunny,1558.896495786298,2019-06-23,2019-09-14
194,Sunny,1549.7679383192622,2019-09-14,2019-09-14
195,Sunny,1559.561259734467,2019-09-14,2019-09-14
196,Sunny,1568.673800609305,2019-09-14,2019-09-14
197,Sunny,1575.7003202351646,2019-09-14,2019-09-14
198,Sunny,1583.5993590031856,2019-09-14,2020-11-28
199,Sunny,1570.542352112132,2020-11-28,2021-12-04
200,Sunny,1558.070520019299,2021-12-04,2021-12-04
201,Sunny,1566.1364906708163,2021-12-04,2021-12-04
202,Sunny,1574.5520222520654,2021-12-04,2021-12-04
203,Sunny,1583.6608808001258,2021-12-04,2022-07-10
204,Sunny,1591.7619104039406,2022-07-10,2022-07-10
205,Sunny,1585.2278008360327,2022-07-10,2022-07-10
206,Sunny,1593.4264527657072,2022-07-10,2022-07-10
207,Sunny,1601.7626511308727,2022-07-10,2022-07-10
208,Sunny,1609.311517611867,2022-07-10,2022-07-10
209,Sunny,1615.2584965281285,2022-07-10,2022-10-21
210,Sunny,1606.8678407607524,2022-10-21,2022-10-21
211,Sunny,1614.43385610097,2022-10-21,2022-10-21
212,Sunny,1621.7872646166531,2022-10-21,2022-10-21
213,Sunny,1608.4904933393732,2022-10-21,2022-10-21
214,Sunny,1615.465569553993,2022-10-21,2022-10-21
215,Sunny,1622.3013311293669,2022-10-21,2022-11-11
216,Sunny,1610.8937897894775,2022-11-11,2022-11-11
217,Sunny,1617.837071619208,2022-11-11,2022-11-11
218,Sunny,1624.5697778629465,2022-11-11,2022-11-12
219,Sunny,1630.5249958328852,2022-11-12,2022-11-12
220,Sunny,1638.9635365572415,2022-11-12,2022-11-12
221,Sunny,1626.8420127614395,2022-11-12,2023-02-24
222,Sunny,1615.2888803301216,2023-02-24,2023-02-24
223,Sunny,1609.0512570869753,2023-02-24,2023-02-24
224,Sunny,1598.232914728936,2023-02-24,2023-02-24
225,Sunny,1608.8609234734529,2023-02-24,2023-02-24
226,Sunny,1616.067299457499,2023-02-24,2023-02-24
227,Sunny,1623.7624564708574,2023-02-24,
228,Flexie,1500.0,2017-05-11,2017-05-11
229,Flexie,1489.71225631668,2017-05-11,2017-05-11
230,Flexie,1499.7283310647924,2017-05-11,
231,Emélia,1500.0,2017-05-11,2017-05-11
232,Emélia,1509.71225631668,2017-05-11,2017-05-11
233,Emélia,1499.7205382437342,2017-05-11,2017-05-11
234,Emélia,1490.01747234329,2017-05-11,
235,Annasty,1500.0,2017-05-11,2019-08-17
236,Annasty,1511.3279187233607,2019-08-17,2019-08-17
237,Annasty,1521.0019904974629,2019-08-17,2019-08-17
238,Annasty,1510.3982398150774,2019-08-17,
239,B-Nice,1500.0,2017-05-11,2023-04-06
240,B-Nice,1489.71225631668,2023-04-06,
241,Missy,1500.0,2017-05-11,2023-06-23
242,Missy,1489.6157583854906,2023-06-23,
243,Sabri,1500.0,2017-05-11,2018-12-15
244,Sabri,1489.481039958386,2018-12-15,
245,Groovy,1500.0,2017-05-11,2021-06-26
246,Groovy,1489.0444982050092,2021-06-26,2021-12-04
247,Groovy,1478.3585289736295,2021-12-04,2021-12-04
248,Groovy,1468.9806162352027,2021-12-04,
249,Royal,1500.0,2017-05-11,2022-10-21
250,Royal,1510.0,2022-10-21,2022-10-21
251,Royal,1499.7811884129972,2022-10-21,
252,Pebblz Luv,1500.0,2017-05-11,2023-04-06
253,Pebblz Luv,1490.0022175837616,2023-04-06,
254,Je Jè,1500.0,2017-05-11,2022-04-09
255,Je Jè,1510.0,2022-04-09,2022-04-09
256,Je Jè,1499.71225631668,2022-04-09,
257,Coco,1500.0,2017-05-11,2017-12-02
258,Coco,1490.0,2017-12-02,2017-12-02
259,Coco,1480.28774368332,2017-12-02,2017-12-02
260,Coco,1470.85450002419,2017-12-02,
261,Monse,1500.0,2017-05-11,2023-04-06
262,Monse,1491.802886674646,2023-04-06,
263,Bereaved Neeli,1500.0,2017-05-11,2023-10-14
264,Bereaved Neeli,1509.9796672904795,2023-10-14,2023-10-14
265,Bereaved Neeli,1500.0365177870126,2023-10-14,
266,Kyoka,1500.0,2017-05-11,2023-06-25
267,Kyoka,1490.0,2023-06-25,2023-06-25
268,Kyoka,1500.28774368332,2023-06-25,
269,Evita,1500.0,2017-05-11,2023-03-05
270,Evita,1489.8228601175674,2023-03-05,
271,Mery Berry,1500.0,2017-05-11,2021-10-14
272,Mery Berry,1490.0,2021-10-14,2021-12-04
273,Mery Berry,1479.995444801377,2021-12-04,2021-12-04
274,Mery Berry,1470.5021086481215,2021-12-04,2021-12-04
275,Mery Berry,1480.4709068606144,2021-12-04,2022-05-26
276,Mery Berry,1471.5415688727555,2022-05-26,2022-05-26
277,Mery Berry,1482.3588414216429,2022-05-26,2022-05-26
278,Mery Berry,1492.6682230623624,2022-05-26,2022-05-26
279,Mery Berry,1482.346688113901,2022-05-26,2022-07-10
280,Mery Berry,1472.8870722912684,2022-07-10,2022-07-10
281,Mery Berry,1465.4372701929626,2022-07-10,2022-07-10
282,Mery Berry,1456.052914769845,2022-07-10,2022-11-05
283,Mery Berry,1447.2665426320964,2022-11-05,2023-02-19
284,Mery Berry,1459.0527867792491,2023-02-19,2023-02-19
285,Mery Berry,1450.0141204959948,2023-02-19,2023-02-19
286,Mery Berry,1461.442984723627,2023-02-19,
287,Carlota,1500.0,2017-05-11,2017-05-11
288,Carlota,1510.0,2017-05-11,2017-05-11
289,Carlota,1519.983687455696,2017-05-11,2017-05-11
290,Carlota,1509.409144139493,2017-05-11,2017-05-11
291,Carlota,1519.1383933895095,2017-05-11,2018-05-20
292,Carlota,1527.7575493422505,2018-05-20,2018-05-20
293,Carlota,1537.730504793477,2018-05-20,2018-05-20
294,Carlota,1528.0416229546124,2018-05-20,2018-05-20
295,Carlota,1518.8327131244134,2018-05-20,2018-10-11
296,Carlota,1526.7801174608503,2018-10-11,2018-10-11
297,Carlota,1516.2541628558365,2018-10-11,2018-10-11
298,Carlota,1525.6108629460482,2018-10-11,2018-10-11
299,Carlota,1516.7848964413247,2018-10-11,2021-06-26
300,Carlota,1506.302163784267,2021-06-26,2021-12-04
301,Carlota,1516.7589218482349,2021-12-04,2021-12-04
302,Carlota,1508.3145634959712,2021-12-04,2021-12-04
303,Carlota,1518.0752967960623,2021-12-04,2022-05-26
304,Carlota,1527.5555167931177,2022-05-26,2022-05-26
305,Carlota,1536.9667100083648,2022-05-26,2022-05-26
306,Carlota,1546.038976545978,2022-05-26,2022-05-26
307,Carlota,1534.809305403566,2022-05-26,2022-05-26
308,Carlota,1543.2229676698055,2022-05-26,2022-05-26
309,Carlota,1551.9852891705655,2022-05-26,2022-05-26
310,Carlota,1560.7406958118113,2022-05-26,2022-05-26
311,Carlota,1568.9604622768297,2022-05-26,2022-05-26
312,Carlota,1576.7053049309432,2022-05-26,2022-05-26
313,Carlota,1584.7729329710298,2022-05-26,2022-07-10
314,Carlota,1575.9497181320824,2022-07-10,2022-07-10
315,Carlota,1563.489407561626,2022-07-10,2022-07-10
316,Carlota,1570.9392096599317,2022-07-10,2022-07-10
317,Carlota,1578.7792614054686,2022-07-10,2022-10-21
318,Carlota,1567.209483319877,2022-10-21,2022-10-21
319,Carlota,1561.366941928261,2022-10-21,2022-10-21
320,Carlota,1570.373625729993,2022-10-21,2022-10-21
321,Carlota,1577.6768758091384,2022-10-21,2022-10-21
322,Carlota,1585.1676546649855,2022-10-21,2022-10-21
323,Carlota,1572.772339251878,2022-10-21,2022-11-05
324,Carlota,1561.3046539749266,2022-11-05,2022-11-11
325,Carlota,1550.923131497304,2022-11-11,2022-11-12
326,Carlota,1539.321298067433,2022-11-12,2023-02-24
327,Carlota,1548.062395101821,2023-02-24,2023-02-24
328,Carlota,1539.8793280308762,2023-02-24,2023-02-24
329,Carlota,1549.8675863849612,2023-02-24,2023-07-05
330,Carlota,1558.4420575559484,2023-07-05,2023-07-05
331,Carlota,1566.7756471209866,2023-07-05,2023-07-05
332,Carlota,1574.877010181357,2023-07-05,
333,Tinie Rawk,1500.0,2017-05-11,2019-04-24
334,Tinie Rawk,1490.0161009897645,2019-04-24,
335,Kami,1500.0,2017-05-11,2020-11-28
336,Kami,1490.8741297387671,2020-11-28,2023-04-06
337,Kami,1481.1367330099226,2023-04-06,
338,梨虹,1500.0,2017-05-11,2019-04-20
339,梨虹,1489.9917180729458,2019-04-20,
340,casc8,1500.0,2017-05-11,2023-04-21
341,casc8,1490.5803297166228,2023-04-21,
342,Yasmin Tee,1500.0,2017-05-11,2023-07-08
343,Yasmin Tee,1490.321866040411,2023-07-08,2023-07-08
344,Yasmin Tee,1498.9225195766319,2023-07-08,
345,koharu,1500.0,2017-05-11,2023-06-25
346,koharu,1510.28774368332,2023-06-25,2023-06-25
347,koharu,1520.2794617562658,2023-06-25,
348,Ram,1500.0,2017-05-11,2017-12-02
349,Ram,1510.0,2017-12-02,2017-12-02
350,Ram,1520.2721292897204,2017-12-02,2017-12-02
351,Ram,1529.9682852695405,2017-12-02,2017-12-02
352,Ram,1539.6725235779008,2017-12-02,2017-12-02
353,Ram,1548.2365155527393,2017-12-02,2018-05-20
354,Ram,1555.58446332885,2018-05-20,2018-05-20
355,Ram,1564.793373159049,2018-05-20,2018-05-20
356,Ram,1574.512797519969,2018-05-20,2018-05-20
357,Ram,1582.868060352425,2018-05-20,2018-05-20
358,Ram,1592.1601701086333,2018-05-20,2018-05-20
359,Ram,1600.6750056192775,2018-05-20,2018-10-11
360,Ram,1607.349317003407,2018-10-11,2018-10-11
361,Ram,1615.4207105981366,2018-10-11,2018-10-11
362,Ram,1623.0490482459513,2018-10-11,2018-10-11
363,Ram,1629.656339105008,2018-10-11,2018-10-11
364,Ram,1635.931509224333,2018-10-11,2018-10-11
365,Ram,1644.6835202602808,2018-10-11,2019-04-20
366,Ram,1650.744311465313,2019-04-20,2019-04-20
367,Ram,1637.1490970526575,2019-04-20,2019-08-17
368,Ram,1623.1579870063808,2019-08-17,2021-11-05
369,Ram,1611.9896858776247,2021-11-05,2021-11-05
370,Ram,1619.1295054720388,2021-11-05,2022-10-21
371,Ram,1610.043331188364,2022-10-21,2022-10-21
372,Ram,1617.2438520112773,2022-10-21,
373,Lluvia,1500.0,2017-05-11,2019-06-23
374,Lluvia,1489.7205315838,2019-06-23,2019-06-23
375,Lluvia,1479.729045219683,2019-06-23,2019-06-23
376,Lluvia,1470.6067866259434,2019-06-23,
377,Jayda,1500.0,2017-05-11,2023-07-08
378,Jayda,1490.0,2023-07-08,2023-07-08
379,Jayda,1480.28774368332,2023-07-08,2023-07-08
380,Jayda,1471.5253611332944,2023-07-08,
381,Yuina,1500.0,2017-05-11,2022-10-21
382,Yuina,1489.7051177225771,2022-10-21,2023-04-06
383,Yuina,1480.0175168257936,2023-04-06,2023-04-06
384,Yuina,1490.3755922984635,2023-04-06,
385,A Ni,1500.0,2017-05-11,2022-05-26
386,A Ni,1490.0,2022-05-26,
387,Becca,1500.0,2017-05-11,2022-11-05
388,Becca,1490.979082884977,2022-11-05,2022-11-05
389,Becca,1481.1247951455973,2022-11-05,2022-11-05
390,Becca,1490.756377910782,2022-11-05,2022-11-05
391,Becca,1481.7910668787808,2022-11-05,
392,Stitch,1500.0,2017-05-11,2022-10-21
393,Stitch,1489.7517691704722,2022-10-21,2022-10-21
394,Stitch,1500.046651447895,2022-10-21,
395,Sinaya,1500.0,2017-05-11,2022-04-09
396,Sinaya,1510.28774368332,2022-04-09,2022-04-09
397,Sinaya,1519.9917251272818,2022-04-09,2022-04-09
398,Sinaya,1509.408278623617,2022-04-09,2022-04-16
399,Sinaya,1499.1380164044635,2022-04-16,2022-05-26
400,Sinaya,1489.7997513699024,2022-05-26,2022-05-26
401,Sinaya,1479.9579860274198,2022-05-26,2022-05-26
402,Sinaya,1490.1956449735314,2022-05-26,2022-05-26
403,Sinaya,1499.9437774828384,2022-05-26,2023-04-21
404,Sinaya,1510.4952127439087,2023-04-21,2023-04-21
405,Sinaya,1520.1854001798426,2023-04-21,2023-04-21
406,Sinaya,1529.6050704632198,2023-04-21,
407,Karina,1500.0,2017-05-11,2022-10-21
408,Karina,1491.0131456624397,2022-10-21,
409,Frizzy,1500.0,2017-05-11,2023-06-07
410,Frizzy,1490.0,2023-06-07,2023-06-07
411,Frizzy,1480.28774368332,2023-06-07,
412,Fantasy,1500.0,2017-05-11,2022-05-26
413,Fantasy,1493.9001945083603,2022-05-26,2022-05-26
414,Fantasy,1483.9168471220032,2022-05-26,2022-05-26
415,Fantasy,1474.0920073948823,2022-05-26,2022-05-26
416,Fantasy,1464.6205397170315,2022-05-26,2022-10-21
417,Fantasy,1455.7446173817564,2022-10-21,
418,Stefani,1500.0,2017-05-11,2021-10-14
419,Stefani,1510.0,2021-10-14,2021-10-14
420,Stefani,1520.541523270624,2021-10-14,2021-10-14
421,Stefani,1509.765756818733,2021-10-14,2021-11-05
422,Stefani,1502.625937224319,2021-11-05,
423,Lily Rose,1500.0,2017-05-11,2023-07-05
424,Lily Rose,1491.4255288290128,2023-07-05,2023-07-05
425,Lily Rose,1481.43246195784,2023-07-05,2023-07-05
426,Lily Rose,1471.7336116007923,2023-07-05,
427,BO,1500.0,2017-05-11,2021-12-04
428,BO,1492.0744324646073,2021-12-04,2021-12-04
429,BO,1482.0940271790125,2021-12-04,2021-12-04
430,BO,1472.1175778056247,2021-12-04,
431,Viola Luba,1500.0,2017-05-11,2019-09-20
432,Viola Luba,1489.71225631668,2019-09-20,
433,Gamora,1500.0,2017-05-11,2018-12-15
434,Gamora,1490.0,2018-12-15,
435,Eru,1500.0,2017-05-11,2019-04-24
436,Eru,1490.279706602888,2019-04-24,2019-04-24
437,Eru,1500.5594061640368,2019-04-24,2019-04-24
438,Eru,1510.5433051742723,2019-04-24,2022-10-21
439,Eru,1520.2399375741209,2022-10-21,2022-10-21
440,Eru,1512.8865290584376,2022-10-21,2023-04-06
441,Eru,1501.8988746487605,2023-04-06,
442,Frost,1500.0,2017-05-11,2019-09-20
443,Frost,1490.0,2019-09-20,2019-09-20
444,Frost,1500.28774368332,2019-09-20,
445,Urara,1500.0,2017-05-11,2023-06-25
446,Urara,1510.0,2023-06-25,2023-06-25
447,Urara,1500.0082819270542,2023-06-25,
448,Tina the Turner,1500.0,2017-05-11,2023-07-08
449,Tina the Turner,1490.2072355922828,2023-07-08,2023-07-08
450,Tina the Turner,1499.9204009382897,2023-07-08,2023-07-08
451,Tina the Turner,1489.980692469231,2023-07-08,2023-10-14
452,Tina the Turner,1481.6927724023647,2023-10-14,2023-10-14
453,Tina the Turner,1490.294228490674,2023-10-14,
454,Camine,1500.0,2017-05-11,2019-03-16
455,Camine,1510.0,2019-03-16,2019-03-16
456,Camine,1519.71225631668,2019-03-16,2022-05-26
457,Camine,1529.14549997581,2022-05-26,2022-05-26
458,Camine,1518.0453824997057,2022-05-26,2022-05-26
459,Camine,1507.467356468135,2022-05-26,2022-07-10
460,Camine,1502.5643269903662,2022-07-10,2022-07-10
461,Camine,1512.9591347696883,2022-07-10,2022-07-10
462,Camine,1521.9521325677872,2022-07-10,2022-07-10
463,Camine,1513.7534806381127,2022-07-10,2022-10-21
464,Camine,1523.3578302878552,2022-10-21,2022-10-21
465,Camine,1532.0249476683475,2022-10-21,2022-10-21
466,Camine,1520.570596867805,2022-10-21,2022-10-21
467,Camine,1513.0045815275876,2022-10-21,2022-10-21
468,Camine,1522.6304542865432,2022-10-21,2022-11-05
469,Camine,1512.02075962838,2022-11-05,2022-11-11
470,Camine,1501.186095307679,2022-11-11,2022-11-11
471,Camine,1494.2428134779484,2022-11-11,2023-02-24
472,Camine,1483.6953162354328,2023-02-24,2023-04-06
473,Camine,1475.9054406568869,2023-04-06,2023-04-06
474,Camine,1486.643503128735,2023-04-06,2023-06-23
475,Camine,1497.0277447432443,2023-06-23,2023-06-23
476,Camine,1487.11329103943,2023-06-23,
477,Sayora,1500.0,2017-05-11,2021-10-14
478,Sayora,1491.3578584600161,2021-10-14,2022-10-21
479,Sayora,1483.325398354443,2022-10-21,2022-11-11
480,Sayora,1475.6444548172603,2022-11-11,2022-11-11
481,Sayora,1486.3443177265058,2022-11-11,
482,Emilia,1500.0,2017-05-11,2021-06-26
483,Emilia,1488.3854703932568,2021-06-26,2021-06-26
484,Emilia,1499.569607664054,2021-06-26,
485,Lady Banan,1500.0,2017-05-11,2019-04-24
486,Lady Banan,1489.7203004388512,2019-04-24,2019-04-24
487,Lady Banan,1500.0160876691648,2019-04-24,2019-04-24
488,Lady Banan,1492.4636541945993,2019-04-24,2023-04-06
489,Lady Banan,1482.1055787219293,2023-04-06,
490,Melina,1500.0,2017-05-11,2023-07-08
491,Melina,1490.0,2023-07-08,2023-07-08
492,Melina,1481.3640649449417,2023-07-08,2023-07-08
493,Melina,1492.4635896514565,2023-07-08,2023-07-08
494,Melina,1502.6953576597973,2023-07-08,2023-07-08
495,Melina,1511.1866357230115,2023-07-08,2023-07-08
496,Melina,1520.8647696826006,2023-07-08,2023-10-14
497,Melina,1532.3546982733126,2023-10-14,2023-10-14
498,Melina,1540.593667031837,2023-10-14,2023-10-14
499,Melina,1550.0560820148235,2023-10-14,2023-10-14
500,Melina,1558.3440020816897,2023-10-14,
501,Ivy,1500.0,2017-05-11,2017-05-11
502,Ivy,1490.3042658762338,2017-05-11,2017-05-11
503,Ivy,1500.5832591162782,2017-05-11,2017-05-11
504,Ivy,1490.5664715852174,2017-05-11,2017-12-02
505,Ivy,1480.8379236552396,2017-12-02,2017-12-02
506,Ivy,1471.3888940055067,2017-12-02,2017-12-02
507,Ivy,1462.2105313819914,2017-12-02,2018-05-20
508,Ivy,1454.3804463473227,2018-05-20,2018-05-20
509,Ivy,1445.7137949282774,2018-05-20,2018-10-11
510,Ivy,1456.4525520385102,2018-10-11,2018-10-11
511,Ivy,1468.179181222804,2018-10-11,2018-10-11
512,Ivy,1460.8406525278388,2018-10-11,2018-10-11
513,Ivy,1454.023830260503,2018-10-11,
514,Rocks,1500.0,2017-05-11,2023-03-05
515,Rocks,1489.430618069171,2023-03-05,
516,Madmax,1500.0,2017-05-11,2019-03-16
517,Madmax,1490.0,2019-03-16,2019-06-23
518,Madmax,1480.28774368332,2019-06-23,2019-06-23
519,Madmax,1471.8023840291517,2019-06-23,2019-06-23
520,Madmax,1482.3257703357926,2019-06-23,2019-09-14
521,Madmax,1491.987434519861,2019-09-14,2019-09-14
522,Madmax,1481.9333260459105,2019-09-14,2019-09-14
523,Madmax,1472.1813409609993,2019-09-14,2020-11-28
524,Madmax,1482.6753709965994,2020-11-28,2020-11-28
525,Madmax,1473.8805993600422,2020-11-28,2020-11-28
526,Madmax,1486.9376062510958,2020-11-28,2021-06-26
527,Madmax,1497.3069595926247,2021-06-26,2021-06-26
528,Madmax,1505.8895937033546,2021-06-26,2021-06-26
529,Madmax,1515.7200938054011,2021-06-26,2021-06-26
530,Madmax,1504.4167991804338,2021-06-26,2021-11-05
531,Madmax,1494.5008925083923,2021-11-05,2021-12-04
532,Madmax,1504.659156329416,2021-12-04,2021-12-04
533,Madmax,1497.6138361161659,2021-12-04,2021-12-04
534,Madmax,1507.1071722694214,2021-12-04,2021-12-04
535,Madmax,1516.2884879166804,2021-12-04,2022-07-10
536,Madmax,1505.8936801373584,2022-07-10,2022-07-10
537,Madmax,1514.8317925979559,2022-07-10,2022-07-10
538,Madmax,1507.2829261169616,2022-07-10,2022-10-21
539,Madmax,1497.3508245891155,2022-10-21,2022-11-05
540,Madmax,1507.4085967658846,2022-11-05,2022-11-05
541,Madmax,1498.4275331704246,2022-11-05,2022-11-05
542,Madmax,1507.2139053081733,2022-11-05,2022-11-05
543,Madmax,1517.8362693094082,2022-11-05,2023-02-24
544,Madmax,1509.150257001619,2023-02-24,2023-02-24
545,Madmax,1501.9438810175727,2023-02-24,2023-02-24
546,Madmax,1511.857856918696,2023-02-24,2023-04-06
547,Madmax,1521.5174877492157,2023-04-06,2023-04-06
548,Madmax,1510.588507211422,2023-04-06,2023-06-23
549,Madmax,1520.5608865238348,2023-06-23,2023-06-23
550,Madmax,1530.3772492421926,2023-06-23,2023-06-23
551,Madmax,1519.7889627047052,2023-06-23,
552,Emina,1500.0,2017-05-11,2023-06-16
553,Emina,1510.0,2023-06-16,2023-06-16
554,Emina,1499.71225631668,2023-06-16,
555,Pep-C,1500.0,2017-05-11,2022-10-21
556,Pep-C,1490.510003884203,2022-10-21,2023-04-06
557,Pep-C,1480.0987789463265,2023-04-06,
558,Romanesque,1500.0,2017-05-11,2023-07-05
559,Romanesque,1489.9291355247829,2023-07-05,2023-07-05
560,Romanesque,1480.5125865301454,2023-07-05,2023-07-05
561,Romanesque,1471.1496908741813,2023-07-05,
562,Kate,1500.0,2017-05-11,2019-09-14
563,Kate,1509.2126827363902,2019-09-14,2019-09-14
564,Kate,1519.5233668732108,2019-09-14,2019-09-14
565,Kate,1509.0599190926916,2019-09-14,2019-09-14
566,Kate,1519.198454688627,2019-09-14,2019-09-14
567,Kate,1528.646440470003,2019-09-14,2019-09-14
568,Kate,1519.533899595165,2019-09-14,2020-05-09
569,Kate,1509.0223964721802,2020-05-09,
570,Mono,1500.0,2017-05-11,2019-04-20
571,Mono,1490.0,2019-04-20,2019-04-20
572,Mono,1500.28774368332,2019-04-20,
573,Killa Kim,1500.0,2017-05-11,2021-10-14
574,Killa Kim,1509.9684154992078,2021-10-14,2021-10-14
575,Killa Kim,1499.713453879959,2021-10-14,
576,Clea,1500.0,2017-05-11,2023-07-05
577,Clea,1510.0,2023-07-05,2023-07-05
578,Clea,1519.6470286382616,2023-07-05,2023-07-05
579,Clea,1511.012550224635,2023-07-05,
580,Teenie,1500.0,2017-05-11,2021-12-04
581,Teenie,1489.9767764555672,2021-12-04,2021-12-04
582,Teenie,1499.691945658298,2021-12-04,2021-12-04
583,Teenie,1490.042173700478,2021-12-04,
584,Moe,1500.0,2017-05-11,2017-12-02
585,Moe,1509.7285479299778,2017-12-02,2017-12-02
586,Moe,1499.7205027488972,2017-12-02,2017-12-02
587,Moe,1509.9926546172603,2017-12-02,
588,Meow,1500.0,2017-05-11,2023-07-08
589,Meow,1509.71225631668,2023-07-08,2023-07-08
590,Meow,1519.7205382437342,2023-07-08,2023-07-08
591,Meow,1508.6210135372194,2023-07-08,2023-07-08
592,Meow,1499.2935683427422,2023-07-08,2023-10-14
593,Meow,1489.3139010522627,2023-10-14,
594,Maylo,1500.0,2017-05-11,2023-02-19
595,Maylo,1489.4835276918636,2023-02-19,
596,Altysha,1500.0,2017-05-11,2017-12-02
597,Altysha,1490.0,2017-12-02,2017-12-02
598,Altysha,1480.28774368332,2017-12-02,2017-12-02
599,Altysha,1490.85450002419,2017-12-02,
600,Bo,1500.0,2017-05-11,2022-11-05
601,Bo,1490.6911055651462,2022-11-05,2022-11-05
602,Bo,1480.5491357186127,2022-11-05,2022-11-05
603,Bo,1490.4405350313007,2022-11-05,2022-11-05
604,Bo,1480.4695968156805,2022-11-05,
605,Alicia,1500.0,2017-05-11,2023-07-08
606,Alicia,1510.0,2023-07-08,2023-07-08
607,Alicia,1500.1039732399026,2023-07-08,2023-07-08
608,Alicia,1508.9175199101421,2023-07-08,2023-10-14
609,Alicia,1500.506824955928,2023-10-14,2023-10-14
610,Alicia,1510.2230169580466,2023-10-14,
611,Houston,1500.0,2017-05-11,2023-02-19
612,Houston,1510.0,2023-02-19,2023-02-19
613,Houston,1498.2137558528473,2023-02-19,
614,Tatiana,1500.0,2017-05-11,2023-04-21
615,Tatiana,1489.43324365913,2023-04-21,
616,Loopi,1500.0,2017-05-11,2019-09-20
617,Loopi,1510.0,2019-09-20,2019-09-20
618,Loopi,1519.71225631668,2019-09-20,2022-07-08
619,Loopi,1509.14549997581,2022-07-08,2022-07-08
620,Loopi,1518.2345515227116,2022-07-08,2023-07-08
621,Loopi,1508.2516087233034,2023-07-08,2023-07-08
622,Loopi,1518.0141529779048,2023-07-08,2023-07-08
623,Loopi,1507.2011329330394,2023-07-08,2023-07-08
624,Loopi,1516.9938973407566,2023-07-08,2023-10-14
625,Loopi,1526.5051633472895,2023-10-14,2023-10-14
626,Loopi,1517.139158453546,2023-10-14,
627,AGT,1500.0,2017-05-11,2022-11-05
628,AGT,1490.7819909425998,2022-11-05,
629,ERU,1500.0,2017-05-11,2022-05-26
630,ERU,1508.7508437903577,2022-05-26,2022-05-26
631,ERU,1497.7429801559958,2022-05-26,2022-05-26
632,ERU,1488.0956192625408,2022-05-26,2022-05-26
633,ERU,1478.438120862029,2022-05-26,
634,Lola,1500.0,2017-05-11,2022-11-05
635,Lola,1490.1696926184059,2022-11-05,
636,Maess'one,1500.0,2017-05-11,2022-05-26
637,Maess'one,1490.0,2022-05-26,2022-05-26
638,Maess'one,1479.7958803686822,2022-05-26,2022-05-26
639,Maess'one,1490.0577727917134,2022-05-26,2022-05-26
640,Maess'one,1481.2030513595796,2022-05-26,
641,cocoa,1500.0,2017-05-11,2023-06-25
642,cocoa,1490.56675634087,2023-06-25,
643,Itsa,1500.0,2017-05-11,2021-12-04
644,Itsa,1490.0,2021-12-04,2021-12-04
645,Itsa,1480.0780634985963,2021-12-04,2021-12-04
646,Itsa,1470.3628942958655,2021-12-04,
647,Dilly,1500.0,2017-05-11,2023-06-07
648,Dilly,1510.0,2023-06-07,2023-06-07
649,Dilly,1499.71225631668,2023-06-07,
650,Lady Bug,1500.0,2017-05-11,2023-06-07
651,Lady Bug,1490.0,2023-06-07,2023-06-07
652,Lady Bug,1500.28774368332,2023-06-07,
653,Uli,1500.0,2017-05-11,2017-12-02
654,Uli,1509.1783626235153,2017-12-02,2017-12-02
655,Uli,1498.9062107551522,2017-12-02,2017-12-02
656,Uli,1489.2019702412956,2017-12-02,
657,SashaFox,1500.0,2017-05-11,2022-05-26
658,SashaFox,1510.0,2022-05-26,2022-05-26
659,SashaFox,1519.647360893455,2022-05-26,2022-05-26
660,SashaFox,1508.7881886463686,2022-05-26,2022-05-26
661,SashaFox,1499.1346133708555,2022-05-26,2022-05-26
662,SashaFox,1488.72479326916,2022-05-26,2022-05-26
663,SashaFox,1499.006011046736,2022-05-26,2022-10-21
664,SashaFox,1509.1013041449228,2022-10-21,2022-10-21
665,SashaFox,1500.5505239509873,2022-10-21,2022-11-11
666,SashaFox,1510.5346786112125,2022-11-11,2022-11-11
667,SashaFox,1498.6047409172293,2022-11-11,2023-02-24
668,SashaFox,1490.413211694442,2023-02-24,2023-04-06
669,SashaFox,1482.045732309143,2023-04-06,
670,Eri,1500.0,2017-05-11,2019-08-17
671,Eri,1489.4419254203096,2019-08-17,
672,Steelish,1500.0,2017-05-11,2023-07-08
673,Steelish,1510.015593000405,2023-07-08,2023-07-08
674,Steelish,1501.3292318199697,2023-07-08,2023-07-08
675,Steelish,1510.7401917489433,2023-07-08,2023-07-08
676,Steelish,1500.1858560486132,2023-07-08,2023-10-14
677,Steelish,1492.208453640834,2023-10-14,
678,Con,1500.0,2017-05-11,2019-04-20
679,Con,1493.9392087949677,2019-04-20,
680,Jazzy Jes,1500.0,2017-05-11,2022-10-21
681,Jazzy Jes,1490.3956503502575,2022-10-21,2022-10-21
682,Jazzy Jes,1500.6720153617996,2022-10-21,2023-06-24
683,Jazzy Jes,1510.6526732289913,2023-06-24,2023-06-24
684,Jazzy Jes,1520.3461606903616,2023-06-24,
685,Carito,1500.0,2017-05-11,2020-05-09
686,Carito,1490.9410610868097,2020-05-09,2021-11-05
687,Carito,1483.307478532651,2021-11-05,
688,Isis,1500.0,2017-05-11,2021-10-14
689,Isis,1491.1057604403245,2021-10-14,2021-10-14
690,Isis,1502.3169326047553,2021-10-14,2022-10-21
691,Isis,1492.2216395065684,2022-10-21,2022-11-12
692,Isis,1483.6579939825397,2022-11-12,
693,Paulina,1500.0,2017-05-11,2019-06-23
694,Paulina,1490.56675634087,2019-06-23,2019-06-23
695,Paulina,1480.550443796566,2019-06-23,2019-06-23
696,Paulina,1470.566291664964,2019-06-23,2019-09-14
697,Paulina,1460.9046274808957,2019-09-14,2019-09-14
698,Paulina,1452.0297500495126,2019-09-14,2019-09-14
699,Paulina,1443.4103218085904,2019-09-14,2021-06-26
700,Paulina,1455.0248514153336,2021-06-26,2021-06-26
701,Paulina,1447.7288313379577,2021-06-26,2021-06-26
702,Paulina,1439.1461972272277,2021-06-26,2021-06-26
703,Paulina,1450.8800165931063,2021-06-26,2021-11-05
704,Paulina,1462.284458512066,2021-11-05,2021-11-05
705,Paulina,1453.853551856328,2021-11-05,2021-12-04
706,Paulina,1465.173997770585,2021-12-04,2021-12-04
707,Paulina,1475.8599670019646,2021-12-04,2021-12-04
708,Paulina,1466.6290693740289,2021-12-04,2021-12-04
709,Paulina,1477.8533082592378,2021-12-04,2022-07-10
710,Paulina,1468.8603104611389,2022-07-10,2022-07-10
711,Paulina,1459.9221980005414,2022-07-10,2022-07-10
712,Paulina,1453.9752190842798,2022-07-10,2022-10-21
713,Paulina,1466.3034701936344,2022-10-21,2022-10-21
714,Paulina,1457.8762096183061,2022-10-21,2022-11-05
715,Paulina,1449.5964203568521,2022-11-05,2022-11-11
716,Paulina,1442.6301635157165,2022-11-11,2022-11-11
717,Paulina,1454.5601012096997,2022-11-11,2022-11-11
718,Paulina,1465.864430654268,2022-11-11,2022-11-11
719,Paulina,1478.3865660165377,2022-11-11,2022-11-12
720,Paulina,1470.9198359959612,2022-11-12,2023-02-19
721,Paulina,1482.0399336347632,2023-02-19,2023-02-19
722,Paulina,1492.5564059428996,2023-02-19,2023-02-19
723,Paulina,1501.595072226154,2023-02-19,2023-04-06
724,Paulina,1490.8570097543059,2023-04-06,
725,Blanca,1500.0,2017-05-11,2022-05-26
726,Blanca,1489.1827274511127,2022-05-26,2023-04-21
727,Blanca,1479.772928059188,2023-04-21,
728,Raw Law,1500.0,2017-05-11,2022-10-21
729,Raw Law,1491.2555438737215,2022-10-21,2022-10-21
730,Raw Law,1500.2971040756809,2022-10-21,2022-10-21
731,Raw Law,1512.6924194887883,2022-10-21,2022-10-21
732,Raw Law,1522.6200797819351,2022-10-21,2022-10-21
733,Raw Law,1511.6680501825347,2022-10-21,
734,671,1500.0,2017-05-11,2021-12-04
735,671,1489.8417361789764,2021-12-04,2021-12-04
736,671,1499.8462913775993,2021-12-04,2021-12-04
737,671,1509.5131123655158,2021-12-04,2022-07-10
738,671,1520.5278231061677,2022-07-10,2022-07-10
739,671,1513.1093365671225,2022-07-10,2022-07-10
740,671,1506.0848504304574,2022-07-10,2022-07-10
741,671,1516.8732148793097,2022-07-10,2022-07-10
742,671,1508.7721852754948,2022-07-10,2022-07-10
743,671,1518.332563356291,2022-07-10,2022-10-21
744,671,1513.6438442247293,2022-10-21,2022-10-21
745,671,1523.7848525916725,2022-10-21,2022-10-21
746,671,1535.354630677264,2022-10-21,2022-10-21
747,671,1543.8534728313944,2022-10-21,2022-10-21
748,671,1552.5979289576728,2022-10-21,2022-10-21
749,671,1560.62038112412,2022-10-21,2022-10-21
750,671,1568.6528412296932,2022-10-21,2022-10-21
751,671,1578.7991088311028,2022-10-21,2022-11-12
752,671,1588.962575612912,2022-11-12,2022-11-12
753,671,1578.426770524122,2022-11-12,2022-11-12
754,671,1587.6591870171646,2022-11-12,2023-02-24
755,671,1601.911525087115,2023-02-24,2023-02-24
756,671,1610.8161764018034,2023-02-24,2023-02-24
757,671,1622.7830292066603,2023-02-24,2023-02-24
758,671,1629.078278070387,2023-02-24,2023-02-24
759,671,1635.8583221372187,2023-02-24,2023-02-24
760,671,1643.6683327702538,2023-02-24,2023-02-24
761,671,1649.696817418743,2023-02-24,
762,Connie,1500.0,2017-05-11,2017-06-10
763,Connie,1510.0,2017-06-10,2017-06-10
764,Connie,1519.71225631668,2017-06-10,2017-06-10
765,Connie,1529.14549997581,2017-06-10,2017-12-17
766,Connie,1538.5874473104327,2017-12-17,2017-12-17
767,Connie,1547.2063772952492,2017-12-17,2017-12-17
768,Connie,1555.04261779136,2017-12-17,2018-05-20
769,Connie,1545.3231934304401,2018-05-20,2018-05-20
770,Connie,1534.834486852321,2018-05-20,2018-05-20
771,Connie,1544.1288570101233,2018-05-20,
772,Maia,1500.0,2017-05-11,2022-11-11
773,Maia,1490.0158453397748,2022-11-11,
774,Shayne,1500.0,2017-05-11,2023-06-24
775,Shayne,1490.3065125386297,2023-06-24,2023-06-24
776,Shayne,1480.2894244964853,2023-06-24,
777,Piuma,1500.0,2017-05-11,2023-06-07
778,Piuma,1490.0,2023-06-07,2023-06-07
779,Piuma,1500.28774368332,2023-06-07,
780,Miria,1500.0,2017-05-11,2023-06-25
781,Miria,1490.0,2023-06-25,
782,Lua,1500.0,2017-05-11,2023-04-06
783,Lua,1492.16807790829,2023-04-06,
784,Ziyan,1500.0,2017-05-11,2023-02-24
785,Ziyan,1493.2565321315624,2023-02-24,
786,Mariabliss,1500.0,2017-05-11,2019-03-16
787,Mariabliss,1490.28774368332,2019-03-16,2019-03-16
788,Mariabliss,1500.56721209952,2019-03-16,
789,Vale,1500.0,2017-05-11,2018-05-20
790,Vale,1491.6858770304113,2018-05-20,2018-05-20
791,Vale,1502.4753171223651,2018-05-20,2018-05-20
792,Vale,1493.8727265726188,2018-05-20,2018-10-11
793,Vale,1484.5160264824071,2018-10-11,2018-10-11
794,Vale,1477.2928179573353,2018-10-11,
795,Anastasia,1500.0,2017-05-11,2017-05-11
796,Anastasia,1490.0,2017-05-11,2017-05-11
797,Anastasia,1480.28774368332,2017-05-11,2017-05-11
798,Anastasia,1470.85450002419,2017-05-11,2018-05-20
799,Anastasia,1462.235344071449,2018-05-20,2018-05-20
800,Anastasia,1453.838549596352,2018-05-20,2018-05-20
801,Anastasia,1446.4906018202414,2018-05-20,2018-10-11
802,Anastasia,1438.5431974838045,2018-10-11,2018-10-11
803,Anastasia,1431.901923785633,2018-10-11,
804,Yell,1500.0,2017-05-11,2017-12-02
805,Yell,1510.56675634087,2017-12-02,2017-12-02
806,Yell,1519.6894737897262,2017-12-02,2017-12-02
807,Yell,1509.9852354813659,2017-12-02,2017-12-02
808,Yell,1519.7059535035205,2017-12-02,2017-12-02
809,Yell,1530.2573135614066,2017-12-02,2018-05-20
810,Yell,1540.175787386234,2018-05-20,2018-05-20
811,Yell,1531.66095187559,2018-05-20,2018-05-20
812,Yell,1542.319801540064,2018-05-20,2018-05-20
813,Yell,1551.346076272667,2018-05-20,2018-05-20
814,Yell,1559.9486668224133,2018-05-20,2018-10-11
815,Yell,1566.5899405205848,2018-10-11,2018-10-11
816,Yell,1575.4159070253083,2018-10-11,2018-10-11
817,Yell,1582.232729292644,2018-10-11,2018-10-11
818,Yell,1592.3446992442086,2018-10-11,2018-10-11
819,Yell,1583.5926882082608,2018-10-11,2018-10-11
820,Yell,1590.8158967333327,2018-10-11,2019-04-24
821,Yell,1579.0519368121697,2019-04-24,2019-04-24
822,Yell,1586.8151066814967,2019-04-24,2019-04-24
823,Yell,1594.3675401560622,2019-04-24,2020-05-09
824,Yell,1584.900739083341,2020-05-09,2021-11-05
825,Yell,1573.735060657833,2021-11-05,2022-10-21
826,Yell,1563.5887930564234,2022-10-21,2022-10-21
827,Yell,1571.3520227079373,2022-10-21,2023-02-24
828,Yell,1561.7157137297374,2023-02-24,2023-04-06
829,Yell,1549.5586118360252,2023-04-06,
830,Mini Japa,1500.0,2017-05-11,2022-10-21
831,Mini Japa,1489.774707161377,2022-10-21,
832,Lee (Russia),1500.0,2017-05-11,2017-05-11
833,Lee (Russia),1490.0,2017-05-11,2017-05-11
834,Lee (Russia),1500.28774368332,2017-05-11,2017-05-11
835,Lee (Russia),1509.711783793184,2017-05-11,
836,Darion,1500.0,2017-05-11,2023-02-19
837,Darion,1490.0,2023-02-19,
838,Angel,1500.0,2017-05-11,2019-04-13
839,Angel,1490.0,2019-04-13,
840,Nova,1500.0,2017-05-11,2023-06-24
841,Nova,1489.71225631668,2023-06-24,2023-06-24
842,Nova,1479.7288201594272,2023-06-24,
843,La Vix,1500.0,2017-05-11,2022-07-10
844,La Vix,1495.4595859941192,2022-07-10,2022-07-10
845,La Vix,1485.6072917782135,2022-07-10,2022-07-10
846,La Vix,1476.771545392031,2022-07-10,2022-10-21
847,La Vix,1468.1044280115386,2022-10-21,2023-02-24
848,La Vix,1461.0481851908235,2023-02-24,2023-04-06
849,La Vix,1451.478397765002,2023-04-06,2023-04-06
850,La Vix,1463.0782870839416,2023-04-06,
851,Jazzy,1500.0,2017-05-11,2022-10-21
852,Jazzy,1489.7867303869807,2022-10-21,2023-03-05
853,Jazzy,1480.196226014468,2023-03-05,2023-03-05
854,Jazzy,1490.765607945297,2023-03-05,2023-03-05
855,Jazzy,1501.0313325450613,2023-03-05,
856,Julianna,1500.0,2017-05-11,2022-11-05
857,Julianna,1490.0912527850219,2022-11-05,
858,Raon,1500.0,2017-05-11,2017-12-02
859,Raon,1509.71225631668,2017-12-02,2017-12-02
860,Raon,1500.0161003368598,2017-12-02,2017-12-02
861,Raon,1509.4655669453566,2017-12-02,
862,Sofy,1500.0,2017-05-11,2023-06-07
863,Sofy,1510.0,2023-06-07,2023-06-07
864,Sofy,1519.71225631668,2023-06-07,
865,Snap1,1500.0,2017-05-11,2022-05-26
866,Snap1,1508.7129384817383,2022-05-26,2022-05-26
867,Snap1,1500.6453104416516,2022-05-26,2022-05-26
868,Snap1,1509.130891934786,2022-05-26,2022-05-26
869,Snap1,1518.8681442279742,2022-05-26,2022-05-26
870,Snap1,1508.8692327425492,2022-05-26,2022-05-26
871,Snap1,1497.8554460021635,2022-05-26,2022-05-26
872,Snap1,1507.5459325542972,2022-05-26,2023-04-06
873,Snap1,1495.9460432353576,2023-04-06,
874,Gin Tonic,1500.0,2017-05-11,2023-06-07
875,Gin Tonic,1510.0,2023-06-07,
876,Sude,1500.0,2017-05-11,2022-05-26
877,Sude,1488.4671589857307,2022-05-26,2022-05-26
878,Sude,1498.7989789697924,2022-05-26,2022-05-26
879,Sude,1487.0984114969792,2022-05-26,2022-05-26
880,Sude,1477.4079249448455,2022-05-26,2022-07-08
881,Sude,1468.318873397944,2022-07-08,2022-11-05
882,Sude,1458.6872906327592,2022-11-05,2023-07-08
883,Sude,1449.8737439625197,2023-07-08,2023-07-08
884,Sude,1441.3824658993055,2023-07-08,2023-07-08
885,Sude,1432.7818123630846,2023-07-08,2023-10-14
886,Sude,1424.1803562747752,2023-10-14,
887,Léonie,1500.0,2017-05-11,2023-07-05
888,Léonie,1510.0,2023-07-05,2023-07-05
889,Léonie,1500.7009811591176,2023-07-05,2023-07-05
890,Léonie,1490.9528637557323,2023-07-05,
891,Asy,1500.0,2017-05-11,2023-06-07
892,Asy,1510.0,2023-06-07,2023-06-07
893,Asy,1499.71225631668,2023-06-07,
894,Nadia,1500.0,2017-05-11,2021-11-05
895,Nadia,1513.3835153082873,2021-11-05,2021-11-05
896,Nadia,1503.7196688002819,2021-11-05,2021-11-05
897,Nadia,1513.9098184913503,2021-11-05,2022-10-21
898,Nadia,1509.4805171754376,2022-10-21,2022-10-21
899,Nadia,1500.7271007459965,2022-10-21,2022-10-21
900,Nadia,1492.1712003395223,2022-10-21,2022-10-21
901,Nadia,1502.3964931781454,2022-10-21,2022-10-21
902,Nadia,1512.6153047651483,2022-10-21,2022-11-05
903,Nadia,1521.966294412278,2022-11-05,2022-11-05
904,Nadia,1512.826142311152,2022-11-05,2022-11-05
905,Nadia,1503.170534485635,2022-11-05,2022-11-05
906,Nadia,1513.0792817006131,2022-11-05,2023-02-24
907,Nadia,1506.2992376337813,2023-02-24,
908,Kastet,1500.0,2017-05-11,2020-05-09
909,Kastet,1492.7582507844445,2020-05-09,2020-05-09
910,Kastet,1504.1619464026764,2020-05-09,2020-05-09
911,Kastet,1514.019639965688,2020-05-09,2020-11-28
912,Kastet,1524.753828912203,2020-11-28,2020-11-28
913,Kastet,1533.5486005487603,2020-11-28,2020-11-28
914,Kastet,1542.5859841444903,2020-11-28,2021-06-26
915,Kastet,1551.3663627351784,2021-06-26,2021-06-26
916,Kastet,1558.6623828125544,2021-06-26,2021-06-26
917,Kastet,1567.2708542901823,2021-06-26,2021-06-26
918,Kastet,1574.7472594691683,2021-06-26,2021-11-05
919,Kastet,1582.380842023327,2021-11-05,2021-11-05
920,Kastet,1593.5491431520832,2021-11-05,2021-11-05
921,Kastet,1581.0356696373317,2021-11-05,2021-12-04
922,Kastet,1571.2498859815835,2021-12-04,2021-12-04
923,Kastet,1579.694244333847,2021-12-04,2021-12-04
924,Kastet,1587.7625367606197,2021-12-04,2021-12-04
925,Kastet,1594.773040008332,2021-12-04,
926,Domka,1500.0,2017-05-11,2023-02-19
927,Domka,1490.0,2023-02-19,
928,Solid,1500.0,2017-05-11,2017-05-11
929,Solid,1490.2707507499836,2017-05-11,2017-05-11
930,Solid,1480.254676001871,2017-05-11,2017-05-11
931,Solid,1470.8306358920072,2017-05-11,2018-12-15
932,Solid,1481.9532686323244,2018-12-15,2018-12-15
933,Solid,1492.4722286739384,2018-12-15,2022-05-26
934,Solid,1501.9436963517892,2022-05-26,2022-05-26
935,Solid,1511.9045053493958,2022-05-26,2022-05-26
936,Solid,1502.467939182494,2022-05-26,2022-05-26
937,Solid,1493.570679977326,2022-05-26,2022-05-26
938,Solid,1484.888025262018,2022-05-26,2022-05-26
939,Solid,1495.2978453637133,2022-05-26,2022-05-26
940,Solid,1505.139610706196,2022-05-26,2022-05-26
941,Solid,1514.1799565392869,2022-05-26,2023-06-23
942,Solid,1504.363593820929,2023-06-23,
943,Suzuna,1500.0,2017-05-11,2023-06-25
944,Suzuna,1510.0,2023-06-25,2023-06-25
945,Suzuna,1499.71225631668,2023-06-25,
946,Esya,1500.0,2017-05-11,2017-06-10
947,Esya,1490.28774368332,2017-06-10,2017-06-10
948,Esya,1480.2794617562658,2017-06-10,2017-06-10
949,Esya,1490.2955503839992,2017-06-10,2017-12-17
950,Esya,1481.6766203991826,2017-12-17,2017-12-17
951,Esya,1472.2119780988912,2017-12-17,2017-12-17
952,Esya,1481.6975830510141,2017-12-17,
953,Cha-Ja,1500.0,2017-05-11,2022-11-05
954,Cha-Ja,1489.9767293737648,2022-11-05,2022-11-11
955,Cha-Ja,1480.010452945184,2022-11-11,2023-03-05
956,Cha-Ja,1470.1240824367756,2023-03-05,2023-03-05
957,Cha-Ja,1480.9818672843824,2023-03-05,
958,So,1500.0,2017-05-11,2017-12-02
959,So,1490.28774368332,2017-12-02,2017-12-02
960,So,1500.2794617562658,2017-12-02,2017-12-02
961,So,1490.5587437341112,2017-12-02,
962,Fanny,1500.0,2017-05-11,2021-10-14
963,Fanny,1490.8447737298457,2021-10-14,2021-10-14
964,Fanny,1501.108221350312,2021-10-14,2021-10-14
965,Fanny,1511.363182969561,2021-10-14,2021-11-05
966,Fanny,1501.0362408386377,2021-11-05,
967,Sarah Bee,1500.0,2017-05-11,2019-09-14
968,Sarah Bee,1490.552014218624,2019-09-14,2019-09-14
969,Sarah Bee,1500.3039993035352,2019-09-14,2019-09-14
970,Sarah Bee,1508.9234275444574,2019-09-14,2022-05-26
971,Sarah Bee,1503.4497097697729,2022-05-26,2022-05-26
972,Sarah Bee,1498.2229272845238,2022-05-26,2022-05-26
973,Sarah Bee,1490.0031608195054,2022-05-26,2022-05-26
974,Sarah Bee,1499.8280005466263,2022-05-26,2022-05-26
975,Sarah Bee,1509.6794562757377,2022-05-26,2022-05-26
976,Sarah Bee,1518.905963098,2022-05-26,2022-05-26
977,Sarah Bee,1528.904874583425,2022-05-26,2022-05-26
978,Sarah Bee,1538.0748395336575,2022-05-26,2022-10-21
979,Sarah Bee,1527.5052572052064,2022-10-21,2022-10-21
980,Sarah Bee,1521.279043816373,2022-10-21,2022-10-21
981,Sarah Bee,1509.641996912947,2022-10-21,2022-10-21
982,Sarah Bee,1519.574098440793,2022-10-21,2022-10-21
983,Sarah Bee,1529.1935216833663,2022-10-21,2022-11-05
984,Sarah Bee,1519.7388874116536,2022-11-05,2022-11-05
985,Sarah Bee,1528.8650286254535,2022-11-05,2022-11-05
986,Sarah Bee,1518.2426646242186,2022-11-05,2022-11-05
987,Sarah Bee,1526.5224538856726,2022-11-05,2023-02-24
988,Sarah Bee,1515.3331830073166,2023-02-24,2023-04-06
989,Sarah Bee,1506.9703881981482,2023-04-06,2023-04-06
990,Sarah Bee,1515.821713559592,2023-04-06,2023-04-06
991,Sarah Bee,1525.4102636921027,2023-04-06,2023-07-05
992,Sarah Bee,1534.394588706718,2023-07-05,2023-07-05
993,Sarah Bee,1543.6936075476003,2023-07-05,2023-07-05
994,Sarah Bee,1552.9898548333028,2023-07-05,
995,Swami,1500.0,2017-05-11,2022-10-21
996,Swami,1490.3741272410443,2022-10-21,2022-10-21
997,Swami,1481.1132034230625,2022-10-21,2022-10-21
998,Swami,1491.3738055701103,2022-10-21,2022-10-21
999,Swami,1501.622036399638,2022-10-21,2022-10-21
1000,Swami,1494.7862748242642,2022-10-21,2022-11-12
1001,Swami,1506.3881082541352,2022-11-12,2022-11-12
1002,Swami,1498.9550239732953,2022-11-12,2023-02-24
1003,Swami,1489.041048072172,2023-02-24,2023-04-06
1004,Swami,1478.9715313054319,2023-04-06,2023-04-06
1005,Swami,1489.1480662147337,2023-04-06,2023-04-06
1006,Swami,1500.0770467525274,2023-04-06,2023-04-06
1007,Swami,1510.0748291687657,2023-04-06,2023-04-06
1008,Swami,1501.3893664189661,2023-04-06,
1009,Luma,1500.0,2017-05-11,2021-11-05
1010,Luma,1488.5955580810403,2021-11-05,2022-10-21
1011,Luma,1481.1047792251932,2022-10-21,2022-11-12
1012,Luma,1474.157644465995,2022-11-12,2023-02-24
1013,Luma,1464.364468728717,2023-02-24,
1014,India,1500.0,2017-05-11,2022-10-21
1015,India,1490.9669313157804,2022-10-21,2022-10-21
1016,India,1500.3600401204358,2022-10-21,2022-11-05
1017,India,1510.614844418022,2022-11-05,2022-11-05
1018,India,1521.408779632192,2022-11-05,2022-11-05
1019,India,1532.8764649091434,2022-11-05,2022-11-05
1020,India,1542.9333587214098,2022-11-05,2022-11-05
1021,India,1551.9144223168698,2022-11-05,2022-11-05
1022,India,1561.054574417996,2022-11-05,2022-11-05
1023,India,1570.328954892778,2022-11-05,2022-11-12
1024,India,1580.8647599815679,2022-11-12,2022-11-12
1025,India,1590.664831630926,2022-11-12,2022-11-12
1026,India,1597.6119663901243,2022-11-12,2022-11-12
1027,India,1605.0450506709642,2022-11-12,2023-02-24
1028,India,1611.8978590019096,2023-02-24,2023-02-24
1029,India,1620.0809260728545,2023-02-24,2023-02-24
1030,India,1609.4529173283377,2023-02-24,2023-02-24
1031,India,1617.4186545246573,2023-02-24,2023-02-24
1032,India,1624.162122393095,2023-02-24,
1033,Indi,1500.0,2017-05-11,2018-12-15
1034,Indi,1510.0,2018-12-15,2018-12-15
1035,Indi,1498.8773672596828,2018-12-15,
1036,Mimì,1500.0,2017-05-11,2023-06-23
1037,Mimì,1490.589432251805,2023-06-23,
1038,Kid-T,1500.0,2017-05-11,2022-11-05
1039,Kid-T,1491.2355272694879,2022-11-05,
1040,Lou Adele,1500.0,2017-05-11,2023-07-05
1041,Lou Adele,1490.0,2023-07-05,2023-07-05
1042,Lou Adele,1481.0156749853847,2023-07-05,2023-07-05
1043,Lou Adele,1471.5615446286217,2023-07-05,
1044,Munirat,1500.0,2017-05-11,2019-04-13
1045,Munirat,1490.28774368332,2019-04-13,2019-04-13
1046,Munirat,1500.56721209952,2019-04-13,
1047,Mikix,1500.0,2017-05-11,2021-12-04
1048,Mikix,1490.018334392062,2021-12-04,2021-12-04
1049,Mikix,1481.9523637405446,2021-12-04,2021-12-04
1050,Mikix,1473.2044951814064,2021-12-04,
1051,Zoe,1500.0,2017-05-11,2023-03-05
1052,Zoe,1489.7342754002357,2023-03-05,2023-03-05
1053,Zoe,1499.667913199789,2023-03-05,
1054,Zouza,1500.0,2017-05-11,2023-07-05
1055,Zouza,1491.8986369396296,2023-07-05,2023-07-05
1056,Zouza,1501.5974872966772,2023-07-05,2023-07-05
1057,Zouza,1511.5992715125544,2023-07-05,
1058,AirNasty,1500.0,2017-05-11,2022-11-05
1059,AirNasty,1490.1654308219518,2022-11-05,
1060,Ludovica,1500.0,2017-05-11,2023-06-07
1061,Ludovica,1490.0,2023-06-07,
1062,Konatsu,1500.0,2017-05-11,2022-05-26
1063,Konatsu,1488.8970362394125,2022-05-26,2022-05-26
1064,Konatsu,1478.6351438163813,2022-05-26,2022-05-26
1065,Konatsu,1469.8554269479823,2022-05-26,2022-10-21
1066,Konatsu,1460.462318143327,2022-10-21,2023-04-06
1067,Konatsu,1472.1974746892995,2023-04-06,2023-04-06
1068,Konatsu,1485.1056195370722,2023-04-06,2023-04-06
1069,Konatsu,1474.9290846277704,2023-04-06,
1070,Tomomi,1500.0,2017-05-11,2023-06-25
1071,Tomomi,1489.7042194167523,2023-06-25,
1072,Minseo,1500.0,2017-05-11,2017-12-02
1073,Minseo,1509.71225631668,2017-12-02,2017-12-02
1074,Minseo,1519.7205382437342,2017-12-02,2017-12-02
1075,Minseo,1509.7044496160008,2017-12-02,2018-05-20
1076,Minseo,1519.992194122926,2018-05-20,2018-05-20
1077,Minseo,1527.4247413638511,2018-05-20,2018-05-20
1078,Minseo,1517.5062675390236,2018-05-20,
1079,Nadjaya,1500.0,2017-05-11,2017-06-10
1080,Nadjaya,1490.56675634087,2017-06-10,2017-06-10
1081,Nadjaya,1480.8384384182352,2017-06-10,2017-06-10
1082,Nadjaya,1470.822349790502,2017-06-10,2017-12-17
1083,Nadjaya,1462.986109294391,2017-12-17,2017-12-17
1084,Nadjaya,1454.3242753972627,2017-12-17,2017-12-17
1085,Nadjaya,1444.8386704451398,2017-12-17,2018-05-20
1086,Nadjaya,1436.6762634491845,2018-05-20,2018-05-20
1087,Nadjaya,1428.7483608615628,2018-05-20,2018-05-20
1088,Nadjaya,1421.3158136206378,2018-05-20,
1089,B-Girl J,1500.0,2017-05-11,2023-06-24
1090,B-Girl J,1510.0,2023-06-24,2023-06-24
1091,B-Girl J,1519.71225631668,2023-06-24,
1092,Janis,1500.0,2017-05-11,2022-05-26
1093,Janis,1490.2627477068118,2022-05-26,
1094,Taby,1500.0,2017-05-11,2022-04-09
1095,Taby,1489.7034790235684,2022-04-09,
1096,Celine,1500.0,2017-05-11,2023-06-24
1097,Celine,1490.0,2023-06-24,2023-06-24
1098,Celine,1500.28774368332,2023-06-24,
1099,RawGina,1500.0,2017-05-11,2019-04-13
1100,RawGina,1510.0,2019-04-13,2019-04-13
1101,RawGina,1520.0,2019-04-13,2019-04-13
1102,RawGina,1509.9917180729458,2019-04-13,
1103,Mati,1500.0,2017-05-11,2023-06-07
1104,Mati,1489.71225631668,2023-06-07,2023-06-07
1105,Mati,1480.6643093968391,2023-06-07,
1106,Chimpa-Fresh,1500.0,2017-05-11,2023-06-07
1107,Chimpa-Fresh,1510.0,2023-06-07,2023-06-07
1108,Chimpa-Fresh,1500.0856572927287,2023-06-07,
1109,Stormy,1500.0,2017-05-11,2019-03-16
1110,Stormy,1489.7205315838,2019-03-16,
1111,Matina,1500.0,2017-05-11,2017-05-11
1112,Matina,1510.574543316203,2017-05-11,2017-05-11
1113,Matina,1520.2702774399693,2017-05-11,2017-05-11
1114,Matina,1529.3932577554172,2017-05-11,2017-05-11
1115,Matina,1539.386671900582,2017-05-11,2017-05-11
1116,Matina,1548.5433464882483,2017-05-11,2018-05-20
1117,Matina,1558.2322283271128,2018-05-20,2018-05-20
1118,Matina,1548.9401185709044,2018-05-20,2018-05-20
1119,Matina,1559.1379473295447,2018-05-20,2018-05-20
1120,Matina,1567.4520702991333,2018-05-20,2018-10-11
1121,Matina,1574.2476256475604,2018-10-11,2018-10-11
1122,Matina,1562.9292525567919,2018-10-11,2018-10-11
1123,Matina,1570.267781251757,2018-10-11,2018-10-11
1124,Matina,1578.419969518177,2018-10-11,2018-10-11
1125,Matina,1586.123126449557,2018-10-11,2018-10-11
1126,Matina,1576.0111564979925,2018-10-11,
1127,SoFly,1500.0,2017-05-11,2022-05-26
1128,SoFly,1490.8751157588222,2022-05-26,2023-04-21
1129,SoFly,1499.727775902596,2023-04-21,2023-04-21
1130,SoFly,1490.037588466662,2023-04-21,
1131,Jojo,1500.0,2017-05-11,2022-07-08
1132,Jojo,1510.56675634087,2022-07-08,2022-07-08
1133,Jojo,1520.0109940200016,2022-07-08,2022-07-08
1134,Jojo,1529.4356673556467,2022-07-08,2022-10-21
1135,Jojo,1517.9651687358366,2022-10-21,
1136,El Mamouny,1500.0,2017-05-11,2022-11-11
1137,El Mamouny,1493.2672937562616,2022-11-11,
1138,Chura,1500.0,2017-05-11,2022-10-21
1139,Chura,1490.0,2022-10-21,2023-04-06
1140,Chura,1500.28774368332,2023-04-06,2023-04-06
1141,Chura,1488.971639361332,2023-04-06,
1142,Fidget,1500.0,2017-05-11,2019-04-13
1143,Fidget,1490.0,2019-04-13,
1144,Anti,1500.0,2017-05-11,2021-06-26
1145,Anti,1510.4827326570578,2021-06-26,2021-06-26
1146,Anti,1498.9026383983496,2021-06-26,2021-10-14
1147,Anti,1488.9342228991418,2021-10-14,2021-12-04
1148,Anti,1482.4290254490718,2021-12-04,2021-12-04
1149,Anti,1472.3370313046796,2021-12-04,2021-12-04
1150,Anti,1482.8459687586662,2021-12-04,2021-12-04
1151,Anti,1495.3178008514992,2021-12-04,2021-12-04
1152,Anti,1505.9780706085528,2021-12-04,2021-12-04
1153,Anti,1515.806024883241,2021-12-04,2022-07-10
1154,Anti,1510.419246242407,2022-07-10,2022-07-10
1155,Anti,1500.591783804534,2022-07-10,2022-07-10
1156,Anti,1510.4440780204397,2022-07-10,2022-10-21
1157,Anti,1503.8407472477131,2022-10-21,2022-10-21
1158,Anti,1512.7166695829883,2022-10-21,2022-10-21
1159,Anti,1521.403370907071,2022-10-21,2022-10-21
1160,Anti,1529.8306314823992,2022-10-21,2022-10-21
1161,Anti,1518.264080367976,2022-10-21,2022-10-21
1162,Anti,1528.8336626964272,2022-10-21,2022-11-05
1163,Anti,1538.2571565169578,2022-11-05,2022-11-05
1164,Anti,1527.4632213027878,2022-11-05,2022-11-05
1165,Anti,1537.978108455692,2022-11-05,2022-11-05
1166,Anti,1548.1602866233143,2022-11-05,2022-11-05
1167,Anti,1557.614920895027,2022-11-05,2022-11-05
1168,Anti,1565.9716654095396,2022-11-05,2022-11-12
1169,Anti,1555.666954700114,2022-11-12,2022-11-12
1170,Anti,1563.7019103441776,2022-11-12,2023-02-24
1171,Anti,1554.7972590294892,2023-02-24,2023-02-24
1172,Anti,1565.358450806704,2023-02-24,2023-02-24
1173,Anti,1573.4991638988097,2023-02-24,2023-02-24
1174,Anti,1580.5554067195249,2023-02-24,2023-02-24
1175,Anti,1591.373749077564,2023-02-24,
1176,Sidi,1500.0,2017-05-11,2021-11-05
1177,Sidi,1510.3269421309233,2021-11-05,2021-11-05
1178,Sidi,1500.1367924398548,2021-11-05,2022-11-11
1179,Sidi,1488.8324629952863,2022-11-11,
1180,Nao,1500.0,2017-05-11,2017-12-02
1181,Nao,1509.449029649733,2017-12-02,2017-12-02
1182,Nao,1519.4570748308136,2017-12-02,2017-12-02
1183,Nao,1509.1849455410932,2017-12-02,2017-12-02
1184,Nao,1518.8891860549497,2017-12-02,2017-12-02
1185,Nao,1509.1852253296445,2017-12-02,
1186,Az,1500.0,2017-05-11,2017-12-02
1187,Az,1510.0,2017-12-02,2017-12-02
1188,Az,1519.71225631668,2017-12-02,2017-12-02
1189,Az,1509.14549997581,2017-12-02,
1190,Riko,1500.0,2017-05-11,2022-05-26
1191,Riko,1490.7681795842939,2022-05-26,2022-05-26
1192,Riko,1501.8682970603982,2022-05-26,2022-05-26
1193,Riko,1492.4288798397686,2022-05-26,2022-05-26
1194,Riko,1482.9736179092354,2022-05-26,2022-10-21
1195,Riko,1474.9511657427881,2022-10-21,2022-10-21
1196,Riko,1486.5177168572113,2022-10-21,2022-10-21
1197,Riko,1481.1347801910197,2022-10-21,2022-10-21
1198,Riko,1492.5891309915621,2022-10-21,2022-10-21
1199,Riko,1502.8024006045814,2022-10-21,2022-10-21
1200,Riko,1516.0991718818614,2022-10-21,2022-10-21
1201,Riko,1525.3600956998432,2022-10-21,2022-10-21
1202,Riko,1534.523863189183,2022-10-21,2023-02-24
1203,Riko,1526.8287061758247,2023-02-24,2023-04-06
1204,Riko,1538.46999407575,2023-04-06,2023-04-06
1205,Riko,1547.6448836034715,2023-04-06,2023-04-06
1206,Riko,1556.0123629887705,2023-04-06,2023-04-06
1207,Riko,1564.6978257385701,2023-04-06,2023-04-06
1208,Riko,1572.56518604679,2023-04-06,
1209,Sawa,1500.0,2017-05-11,2023-06-25
1210,Sawa,1490.28774368332,2023-06-25,2023-06-25
1211,Sawa,1500.56721209952,2023-06-25,2023-06-25
1212,Sawa,1510.5508864374626,2023-06-25,
1213,Yani,1500.0,2017-05-11,2019-04-24
1214,Yani,1489.7283321434759,2019-04-24,
1215,Jo,1500.0,2017-05-11,2019-04-24
1216,Jo,1489.7042127696864,2019-04-24,
1217,Kiwi,1500.0,2017-05-11,2019-04-24
1218,Kiwi,1490.558968861377,2019-04-24,2019-04-24
1219,Kiwi,1500.8306367179011,2019-04-24,
1220,Ninah,1500.0,2017-05-11,2023-07-05
1221,Ninah,1510.2233488208926,2023-07-05,2023-07-05
1222,Ninah,1519.63989781553,2023-07-05,2023-07-05
1223,Ninah,1508.8426167927096,2023-07-05,
1224,Queen Mary,1500.0,2017-05-11,2019-06-23
1225,Queen Mary,1490.0163256620574,2019-06-23,2019-06-23
1226,Queen Mary,1500.0078120261744,2019-06-23,2019-06-23
1227,Queen Mary,1510.5661267140583,2019-06-23,2019-09-14
1228,Queen Mary,1502.3464200958178,2019-09-14,2019-09-14
1229,Queen Mary,1511.4539125059223,2019-09-14,
1230,Sandi,1500.0,2017-05-11,2023-02-19
1231,Sandi,1488.5711357723678,2023-02-19,
1232,Ella,1500.0,2017-05-11,2017-05-11
1233,Ella,1490.0,2017-05-11,2017-05-11
1234,Ella,1480.5832654286248,2017-05-11,2017-05-11
1235,Ella,1471.4276930199248,2017-05-11,2018-10-11
1236,Ella,1460.688935909692,2018-10-11,2018-10-11
1237,Ella,1452.053995722695,2018-10-11,2018-10-11
1238,Ella,1445.2584403742678,2018-10-11,2022-05-26
1239,Ella,1456.3719935284212,2022-05-26,2022-05-26
1240,Ella,1447.6211497380634,2022-05-26,2022-05-26
1241,Ella,1439.1355682449291,2022-05-26,2022-05-26
1242,Ella,1450.8361357177423,2022-05-26,2023-04-21
1243,Ella,1441.9834755739685,2023-04-21,
1244,Tara,1500.0,2017-05-11,2023-06-07
1245,Tara,1490.28774368332,2023-06-07,2023-06-07
1246,Tara,1480.2711798405728,2023-06-07,
1247,Zana,1500.0,2017-05-11,2019-04-13
1248,Zana,1489.7205315838,2019-04-13,
1249,Lulu,1500.0,2017-05-11,2017-12-02
1250,Lulu,1490.0,2017-12-02,2017-12-02
1251,Lulu,1480.0082819270542,2017-12-02,2017-12-02
1252,Lulu,1470.885564478198,2017-12-02,
1253,Jia Li,1500.0,2017-05-11,2022-05-26
1254,Jia Li,1510.0,2022-05-26,2022-05-26
1255,Jia Li,1499.721696033351,2022-05-26,2022-05-26
1256,Jia Li,1489.7228822469883,2022-05-26,2022-05-26
1257,Jia Li,1500.5820544940748,2022-05-26,2022-05-26
1258,Jia Li,1490.6212454964682,2022-05-26,2022-05-26
1259,Jia Li,1500.8911222015454,2022-05-26,2022-10-21
1260,Jia Li,1489.9187343313297,2022-10-21,2022-10-21
1261,Jia Li,1500.0276508598065,2022-10-21,2023-04-06
1262,Jia Li,1490.3680200292868,2023-04-06,
1263,Roxy,1500.0,2017-05-11,2019-06-23
1264,Roxy,1510.3035856054828,2019-06-23,2019-06-23
1265,Roxy,1519.4258441992224,2019-06-23,2019-06-23
1266,Roxy,1508.8675295113385,2019-06-23,2019-09-14
1267,Roxy,1500.9227747011978,2019-09-14,2019-09-14
1268,Roxy,1491.858303328044,2019-09-14,2019-09-14
1269,Roxy,1500.6370027378841,2019-09-14,2021-12-04
1270,Roxy,1510.6186683458222,2021-12-04,2021-12-04
1271,Roxy,1502.2031367645732,2021-12-04,2021-12-04
1272,Roxy,1493.128142182625,2021-12-04,2022-10-21
1273,Roxy,1482.9539256317162,2022-10-21,2022-11-11
1274,Roxy,1493.7885899524172,2022-11-11,2023-02-24
1275,Roxy,1490.0473505079206,2023-02-24,
1276,R Ning,1500.0,2017-05-11,2022-11-11
1277,R Ning,1489.3001370907546,2022-11-11,
1278,The Warrior Princess,1500.0,2017-05-11,2022-05-26
1279,The Warrior Princess,1490.8300350497675,2022-05-26,
1280,Furia,1500.0,2017-05-11,2021-12-04
1281,Furia,1510.0,2021-12-04,2021-12-04
1282,Furia,1499.1931299736389,2021-12-04,2021-12-04
1283,Furia,1509.2163535180716,2021-12-04,2022-05-26
1284,Furia,1518.6787417215592,2022-05-26,2022-05-26
1285,Furia,1508.0746078740701,2022-05-26,2022-05-26
1286,Furia,1517.0683469778671,2022-05-26,2022-05-26
1287,Furia,1510.6976183925337,2022-05-26,2022-05-26
1288,Furia,1504.6409929771844,2022-05-26,2022-05-26
1289,Furia,1495.5687264395713,2022-05-26,2022-05-26
1290,Furia,1504.8573511770367,2022-05-26,2022-10-21
1291,Furia,1494.393432151395,2022-10-21,2022-11-05
1292,Furia,1485.7582364578566,2022-11-05,2022-11-05
1293,Furia,1495.9002063043902,2022-11-05,2022-11-05
1294,Furia,1506.0182023758045,2022-11-05,2022-11-05
1295,Furia,1496.19124389052,2022-11-05,2022-11-11
1296,Furia,1487.6397290821046,2022-11-11,2023-02-24
1297,Furia,1481.344480218378,2023-02-24,2023-02-24
1298,Furia,1491.137655955656,2023-02-24,2023-02-24
1299,Furia,1482.6970359271263,2023-02-24,2023-02-24
1300,Furia,1492.9539671777825,2023-02-24,
1301,Kimie,1500.0,2017-05-11,2022-05-26
1302,Kimie,1508.9675592808899,2022-05-26,2022-05-26
1303,Kimie,1503.0985125375516,2022-05-26,2022-05-26
1304,Kimie,1514.3281836799636,2022-05-26,2022-05-26
1305,Kimie,1523.4752668472102,2022-05-26,2022-05-26
1306,Kimie,1532.800620702648,2022-05-26,2022-05-26
1307,Kimie,1522.1626910824284,2022-05-26,2022-05-26
1308,Kimie,1531.5009561169895,2022-05-26,2022-05-26
1309,Kimie,1540.9375222838912,2022-05-26,2022-05-26
1310,Kimie,1549.8347814890592,2022-05-26,2022-05-26
1311,Kimie,1558.1218838414457,2022-05-26,2022-10-21
1312,Kimie,1552.6283410996064,2022-10-21,2022-10-21
1313,Kimie,1542.3436070756702,2022-10-21,2022-10-21
1314,Kimie,1551.2534639652279,2022-10-21,2022-10-21
1315,Kimie,1559.809364371702,2022-10-21,2022-10-21
1316,Kimie,1568.3601445656375,2022-10-21,2022-11-12
1317,Kimie,1575.826874586214,2022-11-12,2022-11-12
1318,Kimie,1567.3883338618577,2022-11-12,2023-07-05
1319,Kimie,1576.0228122754843,2023-07-05,2023-07-05
1320,Kimie,1583.32586512655,2023-07-05,2023-07-05
1321,Kimie,1590.9219840137737,2023-07-05,
1322,Plamena,1500.0,2017-05-11,2022-11-05
1323,Plamena,1489.8820039285856,2022-11-05,
1324,Nicka,1500.0,2017-05-11,2022-05-26
1325,Nicka,1490.674646144562,2022-05-26,2022-05-26
1326,Nicka,1500.2374601804397,2022-05-26,2022-05-26
1327,Nicka,1511.5699290541518,2022-05-26,2022-05-26
1328,Nicka,1521.3653782129359,2022-05-26,2022-05-26
1329,Nicka,1530.8047954335655,2022-05-26,2022-05-26
1330,Nicka,1540.1998666395202,2022-05-26,2022-10-21
1331,Nicka,1535.3214723234544,2022-10-21,2022-10-21
1332,Nicka,1544.3083266610147,2022-10-21,2022-11-05
1333,Nicka,1534.1261484933925,2022-11-05,2022-11-05
1334,Nicka,1543.1470656084155,2022-11-05,2022-11-05
1335,Nicka,1551.9115383389276,2022-11-05,2022-11-05
1336,Nicka,1560.8738014378096,2022-11-05,2022-11-05
1337,Nicka,1569.7555285237972,2022-11-05,2022-11-05
1338,Nicka,1558.5176414809682,2022-11-05,2023-02-24
1339,Nicka,1550.7076308479332,2023-02-24,2023-02-24
1340,Nicka,1545.7617318382001,2023-02-24,2023-02-24
1341,Nicka,1554.20235186673,2023-02-24,2023-02-24
1342,Nicka,1562.1362106198085,2023-02-24,2023-02-24
1343,Nicka,1570.3277398425957,2023-02-24,
1344,Raika,1500.0,2017-05-11,2023-06-25
1345,Raika,1490.0163256620574,2023-06-25,
1346,Sina,1500.0,2017-05-11,2020-11-28
1347,Sina,1489.392453879246,2020-11-28,2022-04-09
1348,Sina,1499.6976687704134,2022-04-09,2022-04-09
1349,Sina,1510.2811152740783,2022-04-09,2022-04-09
1350,Sina,1519.985287331926,2022-04-09,2022-04-16
1351,Sina,1529.6899366871207,2022-04-16,2022-04-16
1352,Sina,1538.8374656561084,2022-04-16,2022-04-16
1353,Sina,1547.4493453272416,2022-04-16,
1354,Sona,1500.0,2017-05-11,2022-07-08
1355,Sona,1489.7044572679793,2022-07-08,2023-07-08
1356,Sona,1500.5174773128447,2023-07-08,2023-07-08
1357,Sona,1490.2857093045038,2023-07-08,2023-07-08
1358,Sona,1500.2843204554392,2023-07-08,2023-07-08
1359,Sona,1491.460832955751,2023-07-08,2023-07-08
1360,Sona,1502.015168656081,2023-07-08,2023-07-08
1361,Sona,1511.9548771251398,2023-07-08,2023-10-14
1362,Sona,1521.8980266286067,2023-10-14,2023-10-14
1363,Sona,1512.4356116456202,2023-10-14,2023-10-14
1364,Sona,1523.7375558219544,2023-10-14,2023-10-14
1365,Sona,1533.0553951383706,2023-10-14,
1366,Shortbread,1500.0,2017-05-11,2019-04-13
1367,Shortbread,1510.0,2019-04-13,2019-04-13
1368,Shortbread,1500.0,2019-04-13,2021-12-04
1369,Shortbread,1509.3779127384269,2021-12-04,2021-12-04
1370,Shortbread,1498.153673853218,2021-12-04,2022-05-26
1371,Shortbread,1489.2379452232533,2022-05-26,2022-05-26
1372,Shortbread,1481.4931025691399,2022-05-26,2022-05-26
1373,Shortbread,1491.814637517601,2022-05-26,2022-05-26
1374,Shortbread,1482.7517627656339,2022-05-26,2022-05-26
1375,Shortbread,1473.5252559433716,2022-05-26,2022-05-26
1376,Shortbread,1484.5390426837573,2022-05-26,2022-10-21
1377,Shortbread,1476.7758130322434,2022-10-21,2022-11-05
1378,Shortbread,1466.8844137195554,2022-11-05,2023-04-06
1379,Shortbread,1458.0330883581116,2023-04-06,
1380,Thaliya,1500.0,2017-05-11,2022-04-16
1381,Thaliya,1489.736773772036,2022-04-16,
1382,Joanna,1500.0,2017-05-11,2023-07-08
1383,Joanna,1510.0,2023-07-08,2023-07-08
1384,Joanna,1499.9917180729458,2023-07-08,2023-07-08
1385,Joanna,1490.6436764388131,2023-07-08,2023-10-14
1386,Joanna,1480.9274844366946,2023-10-14,
1387,Luisa,1500.0,2017-05-11,2023-07-08
1388,Luisa,1489.7197778158602,2023-07-08,2023-07-08
1389,Luisa,1480.8401648078575,2023-07-08,2023-07-08
1390,Luisa,1471.4292048788839,2023-07-08,
1391,Manu,1500.0,2017-05-11,2022-04-09
1392,Manu,1490.2960185560382,2022-04-09,2022-04-16
1393,Manu,1480.5752489881147,2022-04-16,2022-04-16
1394,Manu,1491.1337564567107,2022-04-16,
1395,Neeli,1500.0,2017-05-11,2022-05-26
1396,Neeli,1491.23767849924,2022-05-26,2022-07-08
1397,Neeli,1481.7934408201083,2022-07-08,
1398,Célia,1500.0,2017-05-11,2023-07-05
1399,Célia,1490.0,2023-07-05,2023-07-05
1400,Célia,1479.9448649687713,2023-07-05,2023-07-05
1401,Célia,1472.6418121177055,2023-07-05,
1402,Ying Zi,1500.0,2017-05-11,2019-06-23
1403,Ying Zi,1511.655902560447,2019-06-23,2019-06-23
1404,Ying Zi,1521.066797588173,2019-06-23,2019-06-23
1405,Ying Zi,1510.4682805169,2019-06-23,2019-06-23
1406,Ying Zi,1501.6020705298645,2019-06-23,2019-09-14
1407,Ying Zi,1493.7030317618435,2019-09-14,2022-10-21
1408,Ying Zi,1483.5941152333667,2022-10-21,2023-02-24
1409,Ying Zi,1480.1933100890878,2023-02-24,2023-02-24
1410,Ying Zi,1475.2017703630706,2023-02-24,2023-02-24
1411,Ying Zi,1485.7492676055863,2023-02-24,2023-02-24
1412,Ying Zi,1497.0926616182667,2023-02-24,
1413,Nathana,1500.0,2017-05-11,2022-10-21
1414,Nathana,1490.3033676001514,2022-10-21,
1415,Mareva,1500.0,2017-05-11,2023-07-05
1416,Mareva,1491.6664104349618,2023-07-05,2023-07-05
1417,Mareva,1501.6594773061347,2023-07-05,2023-07-05
1418,Mareva,1491.6576930902575,2023-07-05,
1419,Tina The Turner,1500.0,2017-05-11,2022-07-08
1420,Tina The Turner,1490.0243648725832,2022-07-08,
1421,Princess,1500.0,2017-05-11,2022-05-26
1422,Princess,1489.749628604884,2022-05-26,
1423,Tina,1500.0,2017-05-11,2022-05-26
1424,Tina,1509.6574984005117,2022-05-26,2022-05-26
1425,Tina,1498.4978764305763,2022-05-26,2022-05-26
1426,Tina,1488.2166586530004,2022-05-26,2022-05-26
1427,Tina,1477.9789997068888,2022-05-26,
1428,Fresh Bella,1500.0,2017-05-11,2019-06-23
1429,Fresh Bella,1491.1645727961436,2019-06-23,2019-06-23
1430,Fresh Bella,1481.7536777684177,2019-06-23,2019-09-14
1431,Fresh Bella,1472.5890653796368,2019-09-14,2019-09-14
1432,Fresh Bella,1463.3763826432466,2019-09-14,2019-09-14
1433,Fresh Bella,1453.9551229090926,2019-09-14,2021-10-14
1434,Fresh Bella,1465.312031385634,2021-10-14,2021-10-14
1435,Fresh Bella,1455.5504993458933,2021-10-14,2022-10-21
1436,Fresh Bella,1466.8229241960998,2022-10-21,2022-10-21
1437,Fresh Bella,1458.1362228720172,2022-10-21,2022-10-21
1438,Fresh Bella,1469.3353615277372,2022-10-21,2022-10-21
1439,Fresh Bella,1463.8857943373928,2022-10-21,2022-10-21
1440,Fresh Bella,1475.5228412408187,2022-10-21,2022-11-12
1441,Fresh Bella,1469.56762327088,2022-11-12,2023-02-24
1442,Fresh Bella,1461.2752357460533,2023-02-24,2023-04-06
1443,Fresh Bella,1454.2948056823593,2023-04-06,2023-04-06
1444,Fresh Bella,1465.6109100043473,2023-04-06,2023-04-06
1445,Fresh Bella,1476.2145243711068,2023-04-06,2023-04-06
1446,Fresh Bella,1486.6257493089831,2023-04-06,2023-04-06
1447,Fresh Bella,1496.6952660757233,2023-04-06,
1448,Yana,1500.0,2017-05-11,2021-12-04
1449,Yana,1490.1720457253118,2021-12-04,2021-12-04
1450,Yana,1480.1766743586113,2021-12-04,2021-12-04
1451,Yana,1470.6554536176368,2021-12-04,
1452,Tigra,1500.0,2017-05-11,2017-05-11
1453,Tigra,1489.7210067599556,2017-05-11,2017-05-11
1454,Tigra,1480.5980264445077,2017-05-11,2017-05-11
1455,Tigra,1471.1805559091088,2017-05-11,
1456,Vavi,1500.0,2017-05-11,2019-06-23
1457,Vavi,1490.003318446102,2019-06-23,2019-06-23
1458,Vavi,1479.479932139461,2019-06-23,2019-06-23
1459,Vavi,1471.2547988008964,2019-06-23,2019-09-14
1460,Vavi,1462.147306390792,2019-09-14,2019-09-14
1461,Vavi,1455.1207867649325,2019-09-14,2021-06-26
1462,Vavi,1466.7008810236407,2021-06-26,2021-06-26
1463,Vavi,1477.6563828186315,2021-06-26,2021-06-26
1464,Vavi,1470.1799776396456,2021-06-26,2021-06-26
1465,Vavi,1481.4832722646129,2021-06-26,2021-10-14
1466,Vavi,1473.5988279806695,2021-10-14,2021-10-14
1467,Vavi,1483.3603600204103,2021-10-14,2021-10-14
1468,Vavi,1493.5343713351672,2021-10-14,2021-10-14
1469,Vavi,1504.3101377870582,2021-10-14,2021-11-05
1470,Vavi,1516.8236113018097,2021-11-05,2021-11-05
1471,Vavi,1507.3385695183367,2021-11-05,2021-11-05
1472,Vavi,1517.2544761903782,2021-11-05,2021-11-05
1473,Vavi,1525.6853828461162,2021-11-05,2021-12-04
1474,Vavi,1534.4332514052544,2021-12-04,2021-12-04
1475,Vavi,1543.5082459872026,2021-12-04,2021-12-04
1476,Vavi,1534.3993874391422,2021-12-04,
1477,Hellcat,1500.0,2017-05-11,2023-06-16
1478,Hellcat,1509.71225631668,2023-06-16,2023-06-16
1479,Hellcat,1499.7288201594272,2023-06-16,
1480,Emma,1500.0,2017-05-11,2017-06-10
1481,Emma,1490.0,2017-06-10,2017-06-10
1482,Emma,1500.0082819270542,2017-06-10,2017-06-10
1483,Emma,1509.736599849689,2017-06-10,2017-12-17
1484,Emma,1500.2946525150662,2017-12-17,2017-12-17
1485,Emma,1509.7592948153576,2017-12-17,2017-12-17
1486,Emma,1518.421128712486,2017-12-17,2018-05-20
1487,Emma,1526.817923187583,2018-05-20,2018-05-20
1488,Emma,1516.8449677363565,2018-05-20,2018-05-20
1489,Emma,1508.4897049039005,2018-05-20,2018-10-11
1490,Emma,1519.0156595089143,2018-10-11,2018-10-11
1491,Emma,1528.174470686495,2018-10-11,2018-10-11
1492,Emma,1539.4928437772635,2018-10-11,2018-10-11
1493,Emma,1531.4214501825338,2018-10-11,2018-10-11
1494,Emma,1523.793112534719,2018-10-11,2018-10-11
1495,Emma,1533.3937863240776,2018-10-11,2021-10-14
1496,Emma,1522.1826141596468,2021-10-14,2021-12-04
1497,Emma,1511.7258560956789,2021-12-04,2021-12-04
1498,Emma,1503.6575636689063,2021-12-04,2021-12-04
1499,Emma,1513.2715459429323,2021-12-04,2022-10-21
1500,Emma,1503.5804926540054,2022-10-21,2022-11-12
1501,Emma,1495.349244123284,2022-11-12,2023-02-24
1502,Emma,1486.608147088896,2023-02-24,2023-04-06
1503,Emma,1476.0045327221364,2023-04-06,2023-04-06
1504,Emma,1485.574320147958,2023-04-06,2023-04-06
1505,Emma,1497.7314220416702,2023-04-06,2023-07-05
1506,Emma,1488.0843934034085,2023-07-05,2023-07-05
1507,Emma,1498.1395284346372,2023-07-05,2023-07-05
1508,Emma,1490.5434095474136,2023-07-05,
1509,Ashes,1500.0,2017-05-11,2022-10-21
1510,Ashes,1488.80086134428,2022-10-21,
1511,Babyball,1500.0,2017-05-11,2021-12-04
1512,Babyball,1488.6795540857431,2021-12-04,2022-07-10
1513,Babyball,1501.1398646561995,2022-07-10,2022-07-10
1514,Babyball,1510.5994804788322,2022-07-10,2022-07-10
1515,Babyball,1499.8333158830324,2022-07-10,
1516,AirNastya,1500.0,2017-05-11,2023-04-21
1517,AirNastya,1509.71225631668,2023-04-21,2023-04-21
1518,AirNastya,1519.1220557086046,2023-04-21,2023-04-21
1519,AirNastya,1508.5706204475343,2023-04-21,
1520,Kotya,1500.0,2017-05-11,2021-06-26
1521,Kotya,1489.697107109696,2021-06-26,2021-12-04
1522,Kotya,1482.912261266383,2021-12-04,2021-12-04
1523,Kotya,1492.8887106397708,2021-12-04,2021-12-04
1524,Kotya,1503.1720518640354,2021-12-04,
1525,Anna,1500.0,2017-05-11,2023-02-24
1526,Anna,1491.8592869078943,2023-02-24,2023-02-24
1527,Anna,1485.006478576949,2023-02-24,2023-02-24
1528,Anna,1496.1957494553048,2023-02-24,2023-02-24
1529,Anna,1507.7612235622405,2023-02-24,2023-07-05
1530,Anna,1497.5378747413479,2023-07-05,2023-07-05
1531,Anna,1507.608739216565,2023-07-05,2023-07-05
1532,Anna,1496.8477959657534,2023-07-05,
1533,Fenqi,1500.0,2017-05-11,2019-06-23
1534,Fenqi,1509.71225631668,2019-06-23,2019-06-23
1535,Fenqi,1500.1152946306763,2019-06-23,2019-06-23
1536,Fenqi,1510.1119761845744,2019-06-23,2022-10-21
1537,Fenqi,1502.9114553616612,2022-10-21,
1538,Yona,1500.0,2017-05-11,2017-12-02
1539,Yona,1489.43324365913,2017-12-02,2017-12-02
1540,Yona,1480.8692516842916,2017-12-02,2017-12-02
1541,Yona,1471.4197850757948,2017-12-02,
1542,YasminTee,1500.0,2017-05-11,2023-10-14
1543,YasminTee,1490.6821606835838,2023-10-14,
1544,Alessandrina,1500.0,2017-05-11,2021-06-26
1545,Alessandrina,1490.0,2021-06-26,2021-12-04
1546,Alessandrina,1483.2969964121417,2021-12-04,2021-12-04
1547,Alessandrina,1493.77737746938,2021-12-04,2021-12-04
1548,Alessandrina,1503.956459794988,2021-12-04,2022-05-26
1549,Alessandrina,1513.8425886503117,2022-05-26,2022-05-26
1550,Alessandrina,1507.0745831854588,2022-05-26,2022-05-26
1551,Alessandrina,1497.6633899702117,2022-05-26,2022-05-26
1552,Alessandrina,1508.2675238177007,2022-05-26,2022-05-26
1553,Alessandrina,1517.812638865392,2022-05-26,2022-05-26
1554,Alessandrina,1526.741976853251,2022-05-26,2022-05-26
1555,Alessandrina,1535.973797268957,2022-05-26,2022-05-26
1556,Alessandrina,1544.8895258989216,2022-05-26,2022-07-10
1557,Alessandrina,1533.8748151582697,2022-07-10,2022-07-10
1558,Alessandrina,1526.485747207005,2022-07-10,2022-07-10
1559,Alessandrina,1536.3780561145886,2022-07-10,2022-10-21
1560,Alessandrina,1524.049805005234,2022-10-21,2022-11-05
1561,Alessandrina,1533.3586994400878,2022-11-05,2022-11-05
1562,Alessandrina,1542.109343255814,2022-11-05,2022-11-05
1563,Alessandrina,1550.7445389493525,2022-11-05,2022-11-05
1564,Alessandrina,1559.294291268179,2022-11-05,2022-11-05
1565,Alessandrina,1548.0427682946242,2022-11-05,2022-11-11
1566,Alessandrina,1558.4242907722469,2022-11-11,2022-11-11
1567,Alessandrina,1565.3905476133825,2022-11-11,2022-11-11
1568,Alessandrina,1573.0714911505652,2022-11-11,2022-11-11
1569,Alessandrina,1584.4790324904545,2022-11-11,2022-11-12
1570,Alessandrina,1574.3155657086454,2022-11-12,2023-02-24
1571,Alessandrina,1563.7543739314306,2023-02-24,2023-02-24
1572,Alessandrina,1572.4403862392198,2023-02-24,2023-02-24
1573,Alessandrina,1583.9935186705377,2023-02-24,2023-02-24
1574,Alessandrina,1593.6298276487375,2023-02-24,
1575,Liya Jackson,1500.0,2017-05-11,2023-10-14
1576,Liya Jackson,1490.4887339934671,2023-10-14,
1577,Xunli,1500.0,2017-05-11,2022-05-26
1578,Xunli,1489.7301232949228,2022-05-26,2022-05-26
1579,Xunli,1481.4430209425364,2022-05-26,2022-05-26
1580,Xunli,1471.6948884332294,2022-05-26,2022-05-26
1581,Xunli,1462.6545426001385,2022-05-26,2022-10-21
1582,Xunli,1453.6320577193574,2022-10-21,
1583,FreeZen,1500.0,2017-05-11,2023-07-08
1584,FreeZen,1490.2615345775137,2023-07-08,2023-07-08
1585,FreeZen,1500.5417567616535,2023-07-08,2023-07-08
1586,FreeZen,1490.5261637612484,2023-07-08,2023-10-14
1587,FreeZen,1482.2263021108156,2023-10-14,
1588,Ayu,1500.0,2017-05-11,2019-08-17
1589,Ayu,1490.3259282258978,2019-08-17,2019-08-17
1590,Ayu,1504.3170382721744,2019-08-17,2022-10-21
1591,Ayu,1495.4071813826167,2022-10-21,
1592,Jennie-Love,1500.0,2017-05-11,2022-04-16
1593,Jennie-Love,1490.8524710310123,2022-04-16,2022-04-16
1594,Jennie-Love,1501.1156972589763,2022-04-16,
1595,StefAni,1500.0,2017-05-11,2023-06-23
1596,StefAni,1509.9144537038144,2023-06-23,2023-06-23
1597,StefAni,1520.5027402413018,2023-06-23,2023-06-23
1598,StefAni,1529.9133079894968,2023-06-23,
1599,Law,1500.0,2017-05-11,2021-06-26
1600,Law,1491.219621409312,2021-06-26,
1601,Vanessa,1500.0,2017-05-11,2019-04-13
1602,Vanessa,1510.0,2019-04-13,2019-04-13
1603,Vanessa,1519.71225631668,2019-04-13,2019-04-13
1604,Vanessa,1529.7205382437342,2019-04-13,2021-06-26
1605,Vanessa,1518.536400972937,2021-06-26,2021-10-14
1606,Vanessa,1528.832868847571,2021-10-14,2021-10-14
1607,Vanessa,1518.291345576947,2021-10-14,2021-12-04
1608,Vanessa,1507.6310758198933,2021-12-04,2021-12-04
1609,Vanessa,1496.8238974828862,2021-12-04,2021-12-04
1610,Vanessa,1506.3451182238607,2021-12-04,2022-10-21
1611,Vanessa,1496.7256949812875,2022-10-21,2022-10-21
1612,Vanessa,1505.7481798620686,2022-10-21,2022-11-05
1613,Vanessa,1515.5827490401168,2022-11-05,2022-11-05
1614,Vanessa,1526.8342720136716,2022-11-05,2022-11-05
1615,Vanessa,1535.7995830456728,2022-11-05,2022-11-05
1616,Vanessa,1526.5252025708908,2022-11-05,2022-11-05
1617,Vanessa,1537.7630896137198,2022-11-05,2022-11-05
1618,Vanessa,1546.8732337334932,2022-11-05,2022-11-11
1619,Vanessa,1555.4247485419085,2022-11-11,2022-11-11
1620,Vanessa,1542.9026131796388,2022-11-11,2022-11-11
1621,Vanessa,1551.705626357002,2022-11-11,2022-11-12
1622,Vanessa,1542.4732098639595,2022-11-12,2022-11-12
1623,Vanessa,1551.0368553879882,2022-11-12,2023-02-24
1624,Vanessa,1539.4713812810526,2023-02-24,2023-02-24
1625,Vanessa,1529.4831229269676,2023-02-24,2023-02-24
1626,Vanessa,1537.7755104517942,2023-02-24,2023-02-24
1627,Vanessa,1529.8097732554745,2023-02-24,
1628,Uruha,1500.0,2017-05-11,2017-12-02
1629,Uruha,1509.43324365913,2017-12-02,2017-12-02
1630,Uruha,1519.1615615817648,2017-12-02,2017-12-02
1631,Uruha,1529.177650209498,2017-12-02,2017-12-02
1632,Uruha,1538.8816109348033,2017-12-02,2017-12-02
1633,Uruha,1528.3302508769173,2017-12-02,2018-05-20
1634,Uruha,1538.8189574550363,2018-05-20,2018-05-20
1635,Uruha,1546.649042489705,2018-05-20,2018-05-20
1636,Uruha,1555.8142904872789,2018-05-20,2018-05-20
1637,Uruha,1545.6164617286386,2018-05-20,2018-05-20
1638,Uruha,1554.5849419591514,2018-05-20,2018-05-20
1639,Uruha,1543.9260922946773,2018-05-20,
1640,Pauline,1500.0,2017-05-11,2021-06-26
1641,Pauline,1510.0,2021-06-26,2021-06-26
1642,Pauline,1501.391528522372,2021-06-26,2021-10-14
1643,Pauline,1490.0346200458305,2021-10-14,2021-12-04
1644,Pauline,1479.5256825918439,2021-12-04,2021-12-04
1645,Pauline,1490.332860928851,2021-12-04,2021-12-04
1646,Pauline,1500.3282322955515,2021-12-04,2022-05-26
1647,Pauline,1510.6065362622005,2022-05-26,2022-05-26
1648,Pauline,1521.2444658824202,2022-05-26,2022-05-26
1649,Pauline,1530.0241827508191,2022-05-26,2022-05-26
1650,Pauline,1538.878904182953,2022-05-26,2022-05-26
1651,Pauline,1546.8091101551772,2022-05-26,2022-05-26
1652,Pauline,1535.4766412814652,2022-05-26,2022-05-26
1653,Pauline,1524.4695204775692,2022-05-26,2022-05-26
1654,Pauline,1533.5323952295364,2022-05-26,2022-07-10
1655,Pauline,1522.7440307806842,2022-07-10,2022-07-10
1656,Pauline,1512.8517218731006,2022-07-10,2022-07-10
1657,Pauline,1506.2210404901757,2022-07-10,2022-10-21
1658,Pauline,1496.0420036847527,2022-10-21,2022-11-05
1659,Pauline,1505.8962914241324,2022-11-05,2022-11-05
1660,Pauline,1515.7265988057266,2022-11-05,2022-11-05
1661,Pauline,1506.7643357068446,2022-11-05,2022-11-05
1662,Pauline,1497.6541915870712,2022-11-05,2023-02-24
1663,Pauline,1491.625706938582,2023-02-24,2023-02-24
1664,Pauline,1481.3687756879258,2023-02-24,2023-02-24
1665,Pauline,1473.4349169348473,2023-02-24,2023-02-24
1666,Pauline,1483.9585157655754,2023-02-24,2023-03-05
1667,Pauline,1493.8448862739838,2023-03-05,2023-03-05
1668,Pauline,1504.0220261564164,2023-03-05,2023-03-05
1669,Pauline,1513.612530528929,2023-03-05,2023-07-08
1670,Pauline,1523.5085572890264,2023-07-08,2023-07-08
1671,Pauline,1532.270939839052,2023-07-08,2023-07-08
1672,Pauline,1522.6752469986443,2023-07-08,2023-07-08
1673,Pauline,1532.023288632777,2023-07-08,2023-07-08
1674,Pauline,1541.350733827254,2023-07-08,2023-07-08
1675,Pauline,1550.1742213269424,2023-07-08,2023-10-14
1676,Pauline,1558.4740829773752,2023-10-14,2023-10-14
1677,Pauline,1548.5619936478872,2023-10-14,2023-10-14
1678,Pauline,1557.9279985416306,2023-10-14,2023-10-14
1679,Pauline,1546.6260543652963,2023-10-14,
1680,Mer-C,1500.0,2017-05-11,2023-07-08
1681,Mer-C,1490.2374557453986,2023-07-08,2023-07-08
1682,Mer-C,1480.2388445944632,2023-07-08,2023-07-08
1683,Mer-C,1470.5256792484563,2023-07-08,2023-10-14
1684,Mer-C,1462.286710489932,2023-10-14,
1685,Soph,1500.0,2017-05-11,2022-04-09
1686,Soph,1490.2958279421523,2022-04-09,2022-04-16
1687,Soph,1481.683948271019,2022-04-16,
1688,Maess'One,1500.0,2017-05-11,2017-05-11
1689,Maess'One,1509.43324365913,2017-05-11,2017-05-11
1690,Maess'One,1499.449556203434,2017-05-11,2017-05-11
1691,Maess'One,1510.0401191512365,2017-05-11,2017-05-11
1692,Maess'One,1519.7431850516807,2017-05-11,2017-05-11
1693,Maess'One,1509.7260338440738,2017-05-11,2018-05-20
1694,Maess'One,1517.6539364316955,2018-05-20,
1695,Caterpillar,1500.0,2017-05-11,2023-06-07
1696,Caterpillar,1509.71225631668,2023-06-07,2023-06-07
1697,Caterpillar,1499.7288201594272,2023-06-07,
1698,Mimi,1500.0,2017-05-11,2023-06-07
1699,Mimi,1510.0,2023-06-07,2023-06-07
1700,Mimi,1519.71225631668,2023-06-07,
1701,Kaede,1500.0,2017-05-11,2023-06-25
1702,Kaede,1510.0,2023-06-25,2023-06-25
1703,Kaede,1519.71225631668,2023-06-25,2023-06-25
1704,Kaede,1529.14549997581,2023-06-25,
1705,NaNaKa,1500.0,2017-05-11,2023-06-25
1706,NaNaKa,1489.7205315838,2023-06-25,2023-06-25
1707,NaNaKa,1500.0163121670478,2023-06-25,
1708,Mononoke,1500.0,2017-05-11,2021-12-04
1709,Mononoke,1490.239266699909,2021-12-04,2021-12-04
1710,Mononoke,1480.625284425883,2021-12-04,2021-12-04
1711,Mononoke,1473.6147811781707,2021-12-04,2022-05-26
1712,Mononoke,1484.6226448125326,2022-05-26,2022-05-26
1713,Mononoke,1475.4755616452858,2022-05-26,2022-05-26
1714,Mononoke,1465.9127476094081,2022-05-26,2022-05-26
1715,Mononoke,1457.9825416371839,2022-05-26,2022-05-26
1716,Mononoke,1469.1860397587568,2022-05-26,2022-05-26
1717,Mononoke,1480.3456617286922,2022-05-26,2022-10-21
1718,Mononoke,1474.7682645181503,2022-10-21,
1719,Michika,1500.0,2017-05-11,2023-06-25
1720,Michika,1490.0,2023-06-25,
1721,Ayane,1500.0,2017-05-11,2019-04-20
1722,Ayane,1510.0,2019-04-20,2019-04-20
1723,Ayane,1499.71225631668,2019-04-20,2019-04-20
1724,Ayane,1509.7205382437342,2019-04-20,2019-04-24
1725,Ayane,1519.4408316408462,2019-04-24,2019-04-24
1726,Ayane,1528.8818627794692,2019-04-24,2019-04-24
1727,Ayane,1540.6458227006322,2019-04-24,2019-06-23
1728,Ayane,1549.4812499044885,2019-06-23,2019-06-23
1729,Ayane,1558.0666164896475,2019-06-23,2019-06-23
1730,Ayane,1546.4107139292005,2019-06-23,2019-08-17
1731,Ayane,1535.0827952058398,2019-08-17,2019-09-14
1732,Ayane,1525.4593746643786,2019-09-14,2019-09-14
1733,Ayane,1533.5216947277688,2019-09-14,2019-09-14
1734,Ayane,1542.5861661009226,2019-09-14,2019-09-14
1735,Ayane,1532.7928446857177,2019-09-14,2020-05-09
1736,Ayane,1541.851783598908,2020-05-09,2020-05-09
1737,Ayane,1530.448087980676,2020-05-09,2020-11-28
1738,Ayane,1539.573958241909,2020-11-28,2020-11-28
1739,Ayane,1528.8397692953938,2020-11-28,2021-10-14
1740,Ayane,1518.5433014207597,2021-10-14,2022-10-21
1741,Ayane,1508.4022930538165,2022-10-21,2022-10-21
1742,Ayane,1524.008871148485,2022-10-21,2022-10-21
1743,Ayane,1533.699924437412,2022-10-21,2022-10-21
1744,Ayane,1542.7329931216316,2022-10-21,2022-10-21
1745,Ayane,1553.0177271455677,2022-10-21,2022-10-21
1746,Ayane,1561.7711435750089,2022-10-21,2023-04-06
1747,Ayane,1569.5610191535548,2023-04-06,2023-04-06
1748,Ayane,1576.5414492172488,2023-04-06,2023-04-06
1749,Ayane,1584.373371308959,2023-04-06,2023-04-06
1750,Ayane,1572.7320834090335,2023-04-06,2023-04-06
1751,Ayane,1581.094878218202,2023-04-06,
1752,Rule,1500.0,2017-05-11,2021-06-26
1753,Rule,1490.1694998979535,2021-06-26,2022-10-21
1754,Rule,1479.9088977509057,2022-10-21,2023-06-23
1755,Rule,1470.4766677106213,2023-06-23,
1756,Lexy,1500.0,2017-05-11,2017-05-11
1757,Lexy,1510.28774368332,2017-05-11,2017-05-11
1758,Lexy,1519.7044782546952,2017-05-11,2018-05-20
1759,Lexy,1509.41673374777,2018-05-20,2018-05-20
1760,Lexy,1517.5791407437252,2018-05-20,2018-05-20
1761,Lexy,1508.4138927461513,2018-05-20,2018-10-11
1762,Lexy,1517.0488329331483,2018-10-11,2018-10-11
1763,Lexy,1505.3222037488547,2018-10-11,2018-10-11
1764,Lexy,1497.1700154824348,2018-10-11,2018-10-11
1765,Lexy,1489.4668585510547,2018-10-11,2022-05-26
1766,Lexy,1479.224861897549,2022-05-26,2022-05-26
1767,Lexy,1470.8111996313096,2022-05-26,2022-05-26
1768,Lexy,1461.5225748938442,2022-05-26,2022-05-26
1769,Lexy,1472.6255386544317,2022-05-26,
1770,Cami,1500.0,2017-05-11,2023-06-07
1771,Cami,1490.0,2023-06-07,2023-06-07
1772,Cami,1500.28774368332,2023-06-07,
1773,Jenn,1500.0,2017-05-11,2019-04-13
1774,Jenn,1490.0,2019-04-13,
1775,AT,1500.0,2017-05-11,2022-10-21
1776,AT,1488.7275751497937,2022-10-21,2022-10-21
1777,AT,1499.1914941754353,2022-10-21,2022-11-05
1778,AT,1509.2147648016705,2022-11-05,2022-11-05
1779,AT,1498.9599605040844,2022-11-05,2022-11-05
1780,AT,1490.0346355325073,2022-11-05,2022-11-05
1781,AT,1480.6836458853775,2022-11-05,
1782,Jen,1500.0,2017-05-11,2017-12-02
1783,Jen,1510.0,2017-12-02,2017-12-02
1784,Jen,1499.9917180729458,2017-12-02,2017-12-02
1785,Jen,1490.263400150311,2017-12-02,
1786,Joëlle Camarell,1500.0,2017-05-11,2019-09-20
1787,Joëlle Camarell,1490.28774368332,2019-09-20,
1788,Honokaa,1500.0,2017-05-11,2023-04-06
1789,Honokaa,1509.7373967288445,2023-04-06,2023-04-06
1790,Honokaa,1500.562507201123,2023-04-06,2023-04-06
1791,Honokaa,1510.2501080979066,2023-04-06,
1792,Emmy,1500.0,2017-05-11,2017-05-11
1793,Emmy,1510.0,2017-05-11,2017-05-11
1794,Emmy,1519.9917180729458,2017-05-11,2017-05-11
1795,Emmy,1509.4011551251433,2017-05-11,
1796,DC,1500.0,2017-05-11,2019-04-24
1797,DC,1492.236830130673,2019-04-24,
1798,Jesly,1500.0,2017-05-11,2023-06-07
1799,Jesly,1510.28774368332,2023-06-07,2023-06-07
1800,Jesly,1520.2711798405728,2023-06-07,
1801,Kreya,1500.0,2017-05-11,2023-06-16
1802,Kreya,1490.0,2023-06-16,2023-06-16
1803,Kreya,1480.28774368332,2023-06-16,
1804,Pesteana,1500.0,2017-05-11,2022-05-26
1805,Pesteana,1494.4787661003234,2022-05-26,2022-05-26
1806,Pesteana,1504.4621134866804,2022-05-26,2022-05-26
1807,Pesteana,1494.6666643278963,2022-05-26,2022-05-26
1808,Pesteana,1484.815208598785,2022-05-26,
1809,Ayumi,1500.0,2017-05-11,2019-08-17
1810,Ayumi,1510.6037506823855,2019-08-17,2019-08-17
1811,Ayumi,1520.298644930987,2019-08-17,2019-08-17
1812,Ayumi,1529.4205651336263,2019-08-17,2021-10-14
1813,Ayumi,1538.5757914037806,2021-10-14,2021-10-14
1814,Ayumi,1547.470030963456,2021-10-14,2021-10-14
1815,Ayumi,1556.11217250344,2021-10-14,2021-10-14
1816,Ayumi,1563.9966167873833,2021-10-14,2021-11-05
1817,Ayumi,1552.5569466415802,2021-11-05,2021-11-05
1818,Ayumi,1561.4022359977012,2021-11-05,2021-12-04
1819,Ayumi,1573.1345422770794,2021-12-04,2021-12-04
1820,Ayumi,1581.060109812472,2021-12-04,2021-12-04
1821,Ayumi,1588.4794464921008,2021-12-04,2021-12-04
1822,Ayumi,1598.265230147849,2021-12-04,2021-12-04
1823,Ayumi,1605.5100067046792,2021-12-04,2021-12-04
1824,Ayumi,1612.2948525479921,2021-12-04,2022-07-10
1825,Ayumi,1619.7133390870374,2022-07-10,2022-07-10
1826,Ayumi,1626.7378252237024,2022-07-10,2022-07-10
1827,Ayumi,1634.126893174967,2022-07-10,2022-07-10
1828,Ayumi,1625.8489525453722,2022-07-10,2022-07-10
1829,Ayumi,1634.6721673843197,2022-07-10,2022-07-10
1830,Ayumi,1641.3028487672445,2022-07-10,2022-10-21
1831,Ayumi,1633.3375908492444,2022-10-21,2022-10-21
1832,Ayumi,1639.940921621971,2022-10-21,2022-10-21
1833,Ayumi,1645.3904888123154,2022-10-21,2022-10-21
1834,Ayumi,1650.9678860228573,2022-10-21,2022-10-21
1835,Ayumi,1660.0540603065322,2022-10-21,2022-10-21
1836,Ayumi,1665.4369969727238,2022-10-21,2022-10-21
1837,Ayumi,1671.6632103615573,2022-10-21,2022-10-21
1838,Ayumi,1680.0538661289334,2022-10-21,2023-02-24
1839,Ayumi,1668.0870133240765,2023-02-24,2023-02-24
1840,Ayumi,1659.8828503971367,2023-02-24,2023-02-24
1841,Ayumi,1665.1449670066186,2023-02-24,2023-02-24
1842,Ayumi,1671.43395335093,2023-02-24,2023-02-24
1843,Ayumi,1676.4254930769473,2023-02-24,
1844,Uzelok,1500.0,2017-05-11,2017-05-11
1845,Uzelok,1509.9917180729458,2017-05-11,2017-05-11
1846,Uzelok,1519.1472904816458,2017-05-11,2017-05-11
1847,Uzelok,1529.1644416892527,2017-05-11,2017-05-11
1848,Uzelok,1519.1710275440878,2017-05-11,2018-05-20
1849,Uzelok,1508.381587452134,2018-05-20,2018-05-20
1850,Uzelok,1499.355312719531,2018-05-20,
1851,Rein,1500.0,2017-05-11,2023-06-25
1852,Rein,1489.71225631668,2023-06-25,
1853,Mess,1500.0,2017-05-11,2020-11-28
1854,Mess,1490.96261640427,2020-11-28,
1855,Shargh,1500.0,2017-05-11,2023-06-07
1856,Shargh,1490.28774368332,2023-06-07,2023-06-07
1857,Shargh,1500.2711798405728,2023-06-07,
1858,Syssy,1500.0,2017-05-11,2022-11-05
1859,Syssy,1491.6432554854873,2022-11-05,2023-02-24
1860,Syssy,1481.1196566547592,2023-02-24,2023-07-05
1861,Syssy,1491.8805999055708,2023-07-05,2023-07-05
1862,Syssy,1502.6778809283912,2023-07-05,2023-07-05
1863,Syssy,1512.0407765843554,2023-07-05,
1864,Nja,1500.0,2017-05-11,2022-04-09
1865,Nja,1489.6947851088325,2022-04-09,2022-04-09
1866,Nja,1499.9913060852641,2022-04-09,
1867,Little Sofy,1500.0,2017-05-11,2023-06-07
1868,Little Sofy,1510.28774368332,2023-06-07,2023-06-07
1869,Little Sofy,1520.2711798405728,2023-06-07,
1870,Spooky,1500.0,2017-05-11,2023-03-05
1871,Spooky,1489.1422151523932,2023-03-05,
1872,Termogirl,1500.0,2017-05-11,2023-06-07
1873,Termogirl,1489.71225631668,2023-06-07,2023-06-07
1874,Termogirl,1479.7288201594272,2023-06-07,
1875,Leaf,1500.0,2017-05-11,2023-06-24
1876,Leaf,1490.0193421328083,2023-06-24,2023-06-24
1877,Leaf,1500.3065295648416,2023-06-24,
1878,San Andrea,1500.0,2017-05-11,2019-09-14
1879,San Andrea,1490.107495240347,2019-09-14,2019-09-14
1880,San Andrea,1500.1616037142974,2019-09-14,2019-09-14
1881,San Andrea,1509.0364811456805,2019-09-14,2020-05-09
1882,San Andrea,1501.746937722077,2020-05-09,2020-05-09
1883,San Andrea,1512.2584408450618,2020-05-09,2021-11-05
1884,San Andrea,1503.413151488941,2021-11-05,2022-05-26
1885,San Andrea,1497.9402899261825,2022-05-26,2022-05-26
1886,San Andrea,1508.5183159577532,2022-05-26,2022-05-26
1887,San Andrea,1499.7629093165074,2022-05-26,2022-05-26
1888,San Andrea,1509.76172310287,2022-05-26,2022-05-26
1889,San Andrea,1500.3666518969153,2022-05-26,2022-05-26
1890,San Andrea,1511.3737727008113,2022-05-26,2022-05-26
1891,San Andrea,1520.8290346313445,2022-05-26,2022-05-26
1892,San Andrea,1530.4826099068575,2022-05-26,2022-05-26
1893,San Andrea,1539.6074941480354,2022-05-26,2022-05-26
1894,San Andrea,1548.2901488633438,2022-05-26,
1895,DR.C,1500.0,2017-05-11,2019-06-23
1896,DR.C,1490.0,2019-06-23,2019-06-23
1897,DR.C,1500.016312544304,2019-06-23,2019-06-23
1898,DR.C,1509.7521696364233,2019-06-23,
1899,Logistx,1500.0,2017-05-11,2019-06-23
1900,Logistx,1491.414633414841,2019-06-23,2019-09-14
1901,Logistx,1483.5063735487959,2019-09-14,2019-09-14
1902,Logistx,1492.92763328295,2019-09-14,2019-09-14
1903,Logistx,1503.4099988560765,2019-09-14,2019-09-14
1904,Logistx,1513.8734466365956,2019-09-14,2019-09-14
1905,Logistx,1503.7349110406603,2019-09-14,2019-09-14
1906,Logistx,1513.6274158003134,2019-09-14,2021-11-05
1907,Logistx,1525.0670859461165,2021-11-05,2021-11-05
1908,Logistx,1534.730932454122,2021-11-05,2021-11-05
1909,Logistx,1544.215974237595,2021-11-05,2021-11-05
1910,Logistx,1555.381652663103,2021-11-05,2022-11-12
1911,Logistx,1565.6863633725286,2022-11-12,2022-11-12
1912,Logistx,1573.91761190325,2022-11-12,2022-11-12
1913,Logistx,1564.1175402538918,2022-11-12,2022-11-12
1914,Logistx,1576.2390640496938,2022-11-12,2023-04-06
1915,Logistx,1563.330919201921,2023-04-06,2023-04-06
1916,Logistx,1571.528032527275,2023-04-06,
1917,Gameova,1500.0,2017-05-11,2022-04-16
1918,Gameova,1489.441492531404,2022-04-16,
1919,Rocky J,1500.0,2017-05-11,2022-05-26
1920,Rocky J,1488.796501878427,2022-05-26,
1921,Cascade,1500.0,2017-05-11,2022-05-26
1922,Cascade,1489.6681800159383,2022-05-26,
1923,Dora,1500.0,2017-05-11,2021-10-14
1924,Dora,1489.7365523795336,2021-10-14,
1925,Fairytale,1500.0,2017-05-11,2022-10-21
1926,Fairytale,1510.179036805423,2022-10-21,2022-10-21
1927,Fairytale,1500.2513765122762,2022-10-21,2022-11-05
1928,Fairytale,1508.7815517474164,2022-11-05,2022-11-05
1929,Fairytale,1499.3580579268857,2022-11-05,2022-11-05
1930,Fairytale,1489.3002857501167,2022-11-05,2022-11-05
1931,Fairytale,1480.1741445363168,2022-11-05,
1932,Csepke,1500.0,2017-05-11,2017-05-11
1933,Csepke,1510.0,2017-05-11,2017-05-11
1934,Csepke,1499.71225631668,2017-05-11,2017-05-11
1935,Csepke,1489.7205382437342,2017-05-11,2018-10-11
1936,Csepke,1480.5617270661535,2018-10-11,2018-10-11
1937,Csepke,1473.887415682024,2018-10-11,2018-10-11
1938,Csepke,1464.6570828679714,2018-10-11,2019-09-14
1939,Csepke,1457.2754163893883,2019-09-14,2019-09-14
1940,Csepke,1449.213096325998,2019-09-14,2019-09-14
1941,Csepke,1440.434396916158,2019-09-14,
1942,Nightmare,1500.0,2017-05-11,2021-12-04
1943,Nightmare,1489.5196189427616,2021-12-04,2021-12-04
1944,Nightmare,1483.0455322588557,2021-12-04,2021-12-04
1945,Nightmare,1473.0586539196604,2021-12-04,
1946,Jilou,1500.0,2017-05-11,2019-06-23
1947,Jilou,1490.28774368332,2019-06-23,2019-06-23
1948,Jilou,1500.56721209952,2019-06-23,2019-06-23
1949,Jilou,1510.5508864374626,2019-06-23,2019-06-23
1950,Jilou,1500.2473008319798,2019-06-23,2019-06-23
1951,Jilou,1510.8458179032527,2019-06-23,2019-09-14
1952,Jilou,1520.0104302920336,2019-09-14,2019-09-14
1953,Jilou,1509.699746155213,2019-09-14,2019-09-14
1954,Jilou,1499.2173805820864,2019-09-14,2020-05-09
1955,Jilou,1489.359687019075,2020-05-09,2020-11-28
1956,Jilou,1478.8656569834748,2020-11-28,2020-11-28
1957,Jilou,1489.4732031042288,2020-11-28,2021-06-26
1958,Jilou,1499.7760959945329,2021-06-26,2021-06-26
1959,Jilou,1489.406742653004,2021-06-26,2021-10-14
1960,Jilou,1479.232731338247,2021-10-14,2021-12-04
1961,Jilou,1489.3247254826392,2021-12-04,2021-12-04
1962,Jilou,1481.9053888030105,2021-12-04,2021-12-04
1963,Jilou,1492.7122588293716,2021-12-04,2021-12-04
1964,Jilou,1502.6341953307754,2021-12-04,2021-12-04
1965,Jilou,1511.865092958711,2021-12-04,2021-12-04
1966,Jilou,1521.514864916531,2021-12-04,2022-07-10
1967,Jilou,1516.4144100861758,2022-07-10,2022-07-10
1968,Jilou,1526.2418725240489,2022-07-10,2022-07-10
1969,Jilou,1535.0776189102314,2022-07-10,2022-07-10
1970,Jilou,1526.741420545066,2022-07-10,2022-10-21
1971,Jilou,1517.734736743334,2022-10-21,2022-10-21
1972,Jilou,1527.224732859131,2022-10-21,2022-11-05
1973,Jilou,1536.4427419165313,2022-11-05,2022-11-05
1974,Jilou,1545.3680668881084,2022-11-05,2022-11-05
1975,Jilou,1534.853179735204,2022-11-05,2022-11-05
1976,Jilou,1524.7962859229376,2022-11-05,2022-11-05
1977,Jilou,1534.4518937484545,2022-11-05,2023-02-24
1978,Jilou,1529.7494023409408,2023-02-24,2023-02-24
1979,Jilou,1523.460415996629,2023-02-24,2023-02-24
1980,Jilou,1532.7074143532493,2023-02-24,2023-02-24
1981,Jilou,1521.364020340569,2023-02-24,2023-04-06
1982,Jilou,1509.6288637945963,2023-04-06,2023-06-23
1983,Jilou,1499.6564844821835,2023-06-23,2023-06-23
1984,Jilou,1509.0887145224679,2023-06-23,2023-07-08
1985,Jilou,1518.8271799449542,2023-07-08,2023-07-08
1986,Jilou,1528.8101227443626,2023-07-08,2023-07-08
1987,Jilou,1537.6897357523653,2023-07-08,2023-07-08
1988,Jilou,1546.3256708074236,2023-07-08,2023-07-08
1989,Jilou,1555.9213636478314,2023-07-08,2023-07-08
1990,Jilou,1564.6077248282668,2023-07-08,2023-10-14
1991,Jilou,1573.0184197824808,2023-10-14,2023-10-14
1992,Jilou,1561.5284911917688,2023-10-14,2023-10-14
1993,Jilou,1571.4405805212568,2023-10-14,2023-10-14
1994,Jilou,1579.417982929036,2023-10-14,
